date,home,away,open_rl,open_books,close_rl,close_books
2025-03-18,CHC,LAD,-1.50,9,-1.50,9
2025-03-19,CHC,LAD,-2.50,3,-2.50,3
2025-03-27,NYY,MIL,1.50,10,1.50,10
2025-03-27,TOR,BAL,-1.50,10,-1.50,10
2025-03-27,TEX,BOS,-1.50,10,-1.50,10
2025-03-27,WSH,PHI,-1.50,10,-1.50,10
2025-03-27,KC,CLE,1.50,10,1.50,10
2025-03-27,HOU,NYM,1.50,10,1.50,10
2025-03-27,CIN,SF,1.50,10,1.50,10
2025-03-27,SD,ATL,-1.50,10,-1.50,10
2025-03-27,CWS,LAA,-1.50,10,-1.50,10
2025-03-27,MIA,PIT,-1.50,10,-1.50,10
2025-03-27,STL,MIN,-1.50,10,-1.50,10
2025-03-27,LAD,DET,1.50,10,1.50,10
2025-03-28,AZ,CHC,1.50,10,1.50,10
2025-03-28,SEA,ATH,1.50,10,1.50,10
2025-03-28,TB,COL,1.50,10,1.50,10
2025-03-28,TOR,BAL,1.50,10,1.50,10
2025-03-28,MIA,PIT,-1.50,10,-1.50,10
2025-03-29,TEX,BOS,1.50,10,1.50,10
2025-03-29,HOU,NYM,1.50,10,1.50,10
2025-03-29,AZ,CHC,1.50,10,1.50,10
2025-03-29,SEA,ATH,1.50,10,1.50,10
2025-03-29,SD,ATL,-1.50,10,-1.50,10
2025-03-29,LAD,DET,1.50,10,1.50,10
2025-03-29,NYY,MIL,1.50,10,1.50,10
2025-03-29,CWS,LAA,-1.50,10,-1.50,10
2025-03-29,STL,MIN,-1.50,10,-1.50,10
2025-03-29,TOR,BAL,1.50,10,1.50,10
2025-03-29,WSH,PHI,-1.50,10,-1.50,10
2025-03-29,KC,CLE,1.50,10,1.50,10
2025-03-29,CIN,SF,1.50,10,0.00,10
2025-03-29,TB,COL,1.50,10,1.50,10
2025-03-29,MIA,PIT,-1.50,10,-1.50,10
2025-03-29,TEX,BOS,1.50,10,1.50,10
2025-03-29,HOU,NYM,1.50,10,1.50,10
2025-03-29,SD,ATL,-1.50,10,-1.50,10
2025-03-30,AZ,CHC,1.50,10,1.50,10
2025-03-30,LAD,DET,,0,,0
2025-03-30,SEA,ATH,1.50,10,1.50,10
2025-03-30,WSH,PHI,-1.50,10,-1.50,10
2025-03-30,NYY,MIL,1.50,10,1.50,10
2025-03-30,TOR,BAL,1.50,10,1.50,10
2025-03-30,CIN,SF,-1.50,10,-1.50,10
2025-03-30,TB,COL,1.50,10,1.50,10
2025-03-30,MIA,PIT,-1.50,10,-1.50,10
2025-03-30,KC,CLE,-1.50,10,0.00,10
2025-03-30,CWS,LAA,-1.50,10,-1.50,10
2025-03-30,STL,MIN,-1.50,10,-1.50,10
2025-03-30,TEX,BOS,1.50,10,1.50,10
2025-03-30,AZ,CHC,1.50,10,1.50,10
2025-03-30,SEA,ATH,1.50,10,1.50,10
2025-03-30,SD,ATL,1.50,10,1.50,10
2025-03-31,CWS,MIN,-1.50,10,-1.50,10
2025-03-31,MIL,KC,0.00,10,1.50,10
2025-03-31,BAL,BOS,1.50,10,1.50,10
2025-03-31,PHI,COL,1.50,10,1.50,10
2025-03-31,CIN,TEX,-1.50,10,-1.50,10
2025-03-31,MIA,NYM,-1.50,10,-1.50,10
2025-03-31,TB,PIT,1.50,10,1.50,10
2025-03-31,TOR,WSH,1.50,10,1.50,10
2025-03-31,STL,LAA,1.50,10,1.50,10
2025-04-01,HOU,SF,-1.50,10,-1.50,10
2025-04-01,SD,CLE,1.50,10,1.50,10
2025-04-01,SEA,DET,1.50,10,1.50,10
2025-04-01,ATH,CHC,-1.50,10,-1.50,10
2025-04-01,LAD,ATL,1.50,9,1.50,9
2025-04-01,CIN,TEX,-1.50,10,-1.50,10
2025-04-01,MIA,NYM,-1.50,10,-1.50,10
2025-04-01,TB,PIT,1.50,10,1.50,10
2025-04-01,NYY,AZ,-1.50,10,-1.50,10
2025-04-01,TOR,WSH,1.50,10,1.50,10
2025-04-01,CWS,MIN,-1.50,10,-1.50,10
2025-04-01,MIL,KC,1.50,10,1.50,10
2025-04-01,STL,LAA,1.50,10,1.50,10
2025-04-02,HOU,SF,1.50,10,1.50,10
2025-04-02,SD,CLE,1.50,10,1.50,10
2025-04-02,SEA,DET,-1.50,10,-1.50,10
2025-04-02,ATH,CHC,-1.50,10,1.50,10
2025-04-02,LAD,ATL,1.50,9,1.50,9
2025-04-02,CIN,TEX,1.50,10,1.50,10
2025-04-02,TB,PIT,-1.50,10,-1.50,10
2025-04-02,MIL,KC,-1.50,10,0.00,10
2025-04-02,STL,LAA,1.50,10,1.50,10
2025-04-02,CWS,MIN,-1.50,10,-1.50,10
2025-04-02,TOR,WSH,-1.50,10,-1.50,10
2025-04-02,ATH,CHC,-1.50,10,1.50,10
2025-04-02,SD,CLE,1.50,10,1.50,10
2025-04-02,SEA,DET,-1.50,10,-1.50,10
2025-04-02,HOU,SF,1.50,10,1.50,10
2025-04-02,MIA,NYM,-1.50,10,-1.50,10
2025-04-02,BAL,BOS,-1.50,10,-1.50,10
2025-04-02,PHI,COL,1.50,10,1.50,10
2025-04-02,NYY,AZ,1.50,10,1.50,10
2025-04-03,LAD,ATL,,0,,0
2025-04-03,BAL,BOS,-1.50,11,1.50,11
2025-04-03,PHI,COL,1.50,11,1.50,11
2025-04-03,MIN,HOU,1.50,11,1.50,11
2025-04-03,NYY,AZ,1.50,11,1.50,11
2025-04-03,MIL,CIN,1.50,11,1.50,11
2025-04-04,DET,CWS,1.50,11,1.50,11
2025-04-04,BOS,STL,1.50,11,1.50,11
2025-04-04,CHC,SD,1.50,11,1.50,11
2025-04-04,NYM,TOR,1.50,11,1.50,11
2025-04-04,COL,ATH,-1.50,11,-1.50,11
2025-04-04,PIT,NYY,-1.50,11,-1.50,11
2025-04-04,SF,SEA,1.50,11,1.50,11
2025-04-04,WSH,AZ,-1.50,11,-1.50,11
2025-04-04,PHI,LAD,-1.50,11,-1.50,11
2025-04-04,ATL,MIA,1.50,11,1.50,11
2025-04-04,KC,BAL,-1.50,11,1.50,11
2025-04-05,TEX,TB,1.50,11,1.50,11
2025-04-05,MIL,CIN,-1.50,11,-1.50,11
2025-04-05,LAA,CLE,-1.50,11,-1.50,11
2025-04-05,DET,CWS,1.50,11,1.50,11
2025-04-05,MIN,HOU,1.50,10,1.50,10
2025-04-05,CHC,SD,1.50,11,1.50,11
2025-04-05,WSH,AZ,-1.50,11,-1.50,11
2025-04-05,PHI,LAD,-1.50,11,-1.50,11
2025-04-05,PIT,NYY,-1.50,11,-1.50,11
2025-04-05,KC,BAL,1.50,11,1.50,11
2025-04-05,TEX,TB,1.50,11,1.50,11
2025-04-05,NYM,TOR,1.50,11,1.50,11
2025-04-05,MIL,CIN,-1.50,11,-1.50,11
2025-04-05,ATL,MIA,1.50,11,1.50,11
2025-04-06,COL,ATH,-1.50,11,-1.50,11
2025-04-06,SF,SEA,1.50,10,1.50,11
2025-04-06,LAA,CLE,-1.50,11,-1.50,11
2025-04-06,WSH,AZ,-1.50,11,-1.50,11
2025-04-06,BOS,STL,-1.50,7,1.50,11
2025-04-06,BOS,STL,-1.50,7,1.50,11
2025-04-06,PHI,LAD,-1.50,11,-1.50,11
2025-04-06,PIT,NYY,-1.50,11,-1.50,11
2025-04-06,NYM,TOR,1.50,11,1.50,11
2025-04-06,DET,CWS,1.50,11,1.50,11
2025-04-06,KC,BAL,-1.50,11,-1.50,11
2025-04-06,MIN,HOU,1.50,10,0.00,10
2025-04-06,MIL,CIN,1.50,11,1.50,11
2025-04-06,CHC,SD,1.50,11,1.50,11
2025-04-06,TEX,TB,-1.50,11,-1.50,11
2025-04-06,COL,ATH,-1.50,11,-1.50,11
2025-04-06,SF,SEA,1.50,10,1.50,11
2025-04-06,LAA,CLE,-1.50,11,-1.50,11
2025-04-07,DET,NYY,-1.50,11,-1.50,11
2025-04-07,PIT,STL,-1.50,11,-1.50,11
2025-04-07,WSH,LAD,-1.50,11,-1.50,11
2025-04-07,BOS,TOR,1.50,11,1.50,11
2025-04-07,NYM,MIA,1.50,10,1.50,11
2025-04-07,CHC,TEX,1.50,11,1.50,11
2025-04-07,KC,MIN,-1.50,11,1.50,11
2025-04-08,AZ,BAL,-1.50,11,-1.50,11
2025-04-08,SEA,HOU,-1.50,11,1.50,11
2025-04-08,SF,CIN,1.50,11,1.50,11
2025-04-08,ATH,SD,-1.50,11,-1.50,11
2025-04-08,DET,NYY,1.50,11,1.50,11
2025-04-08,CLE,CWS,1.50,11,1.50,11
2025-04-08,NYM,MIA,1.50,11,1.50,11
2025-04-08,PIT,STL,1.50,11,1.50,11
2025-04-08,WSH,LAD,-1.50,11,-1.50,11
2025-04-08,BOS,TOR,1.50,11,1.50,11
2025-04-08,TB,LAA,1.50,11,1.50,11
2025-04-08,ATL,PHI,0.00,10,0.00,10
2025-04-08,CHC,TEX,1.50,11,1.50,11
2025-04-08,KC,MIN,1.50,11,-1.50,11
2025-04-09,COL,MIL,-1.50,11,-1.50,11
2025-04-09,AZ,BAL,1.50,11,1.50,11
2025-04-09,SEA,HOU,-1.50,11,-1.50,11
2025-04-09,SF,CIN,1.50,11,1.50,11
2025-04-09,ATH,SD,-1.50,11,1.50,11
2025-04-09,PIT,STL,-1.50,11,-1.50,10
2025-04-09,NYM,MIA,1.50,11,1.50,11
2025-04-09,DET,NYY,-1.50,11,-1.50,11
2025-04-09,CHC,TEX,1.50,11,1.50,11
2025-04-09,ATH,SD,-1.50,11,1.50,11
2025-04-09,AZ,BAL,1.50,11,1.50,11
2025-04-09,SF,CIN,1.50,11,1.50,11
2025-04-09,WSH,LAD,-1.50,11,-1.50,11
2025-04-09,SEA,HOU,-1.50,11,-1.50,11
2025-04-09,CLE,CWS,1.50,11,1.50,11
2025-04-09,BOS,TOR,1.50,11,1.50,10
2025-04-09,TB,LAA,1.50,11,1.50,10
2025-04-09,ATL,PHI,1.50,11,1.50,11
2025-04-09,KC,MIN,-1.50,11,-1.50,11
2025-04-10,COL,MIL,-1.50,11,-1.50,11
2025-04-10,TB,LAA,1.50,11,1.50,11
2025-04-10,CLE,CWS,1.50,11,1.50,11
2025-04-10,KC,MIN,1.50,11,1.50,11
2025-04-10,COL,MIL,-1.50,11,-1.50,11
2025-04-10,BOS,TOR,1.50,11,1.50,11
2025-04-10,ATL,PHI,1.50,10,1.50,10
2025-04-11,CLE,KC,1.50,11,1.50,11
2025-04-11,CIN,PIT,1.50,11,1.50,11
2025-04-11,TB,ATL,1.50,10,1.50,10
2025-04-11,NYY,SF,1.50,11,1.50,11
2025-04-11,MIA,WSH,-1.50,6,-1.50,11
2025-04-11,CWS,BOS,-1.50,11,-1.50,11
2025-04-12,HOU,LAA,1.50,11,1.50,11
2025-04-12,MIN,DET,1.50,11,1.50,11
2025-04-12,STL,PHI,-1.50,11,-1.50,11
2025-04-12,SD,COL,1.50,11,1.50,11
2025-04-12,SEA,TEX,1.50,11,1.50,11
2025-04-12,AZ,MIL,1.50,11,1.50,11
2025-04-12,ATH,NYM,-1.50,11,-1.50,11
2025-04-12,LAD,CHC,1.50,11,1.50,11
2025-04-12,MIN,DET,1.50,11,1.50,11
2025-04-12,STL,PHI,-1.50,11,-1.50,11
2025-04-12,NYY,SF,1.50,11,1.50,11
2025-04-12,ATH,NYM,-1.50,11,-1.50,11
2025-04-12,BAL,TOR,1.50,11,1.50,11
2025-04-12,TB,ATL,1.50,10,1.50,10
2025-04-12,CWS,BOS,-1.50,11,-1.50,11
2025-04-12,MIA,WSH,1.50,11,1.50,11
2025-04-12,CLE,KC,1.50,11,1.50,11
2025-04-12,CIN,PIT,1.50,11,1.50,11
2025-04-12,HOU,LAA,1.50,11,1.50,11
2025-04-13,AZ,MIL,1.50,11,-1.50,11
2025-04-13,SD,COL,1.50,11,1.50,11
2025-04-13,LAD,CHC,1.50,11,1.50,11
2025-04-13,SEA,TEX,1.50,11,1.50,11
2025-04-13,BAL,TOR,1.50,11,1.50,11
2025-04-13,NYY,SF,1.50,11,1.50,11
2025-04-13,CLE,KC,-1.50,11,-1.50,11
2025-04-13,CIN,PIT,1.50,11,1.50,11
2025-04-13,TB,ATL,-1.50,11,-1.50,11
2025-04-13,MIA,WSH,-1.50,11,-1.50,11
2025-04-13,HOU,LAA,1.50,11,1.50,11
2025-04-13,MIN,DET,0.00,10,1.50,10
2025-04-13,CWS,BOS,-1.50,11,-1.50,11
2025-04-13,STL,PHI,-1.50,11,-1.50,11
2025-04-13,ATH,NYM,-1.50,11,-1.50,11
2025-04-13,SD,COL,1.50,11,1.50,11
2025-04-13,SEA,TEX,1.50,11,1.50,11
2025-04-13,AZ,MIL,1.50,11,-1.50,11
2025-04-13,LAD,CHC,1.50,11,1.50,11
2025-04-14,PIT,WSH,1.50,11,1.50,11
2025-04-14,PHI,SF,-1.50,11,1.50,11
2025-04-14,TB,BOS,1.50,11,1.50,11
2025-04-14,NYY,KC,1.50,11,1.50,11
2025-04-14,TOR,ATL,-1.50,11,-1.50,11
2025-04-14,MIN,NYM,1.50,10,1.50,10
2025-04-14,MIL,DET,-1.50,11,-1.50,11
2025-04-14,STL,HOU,-1.50,11,-1.50,11
2025-04-15,SD,CHC,-1.50,11,-1.50,11
2025-04-15,LAD,COL,1.50,11,1.50,11
2025-04-15,PIT,WSH,1.50,11,1.50,11
2025-04-15,CIN,SEA,-1.50,11,-1.50,11
2025-04-15,MIA,AZ,-1.50,11,-1.50,11
2025-04-15,PHI,SF,1.50,11,1.50,11
2025-04-15,BAL,CLE,1.50,11,1.50,11
2025-04-15,TB,BOS,1.50,11,1.50,11
2025-04-15,NYY,KC,1.50,11,1.50,11
2025-04-15,TOR,ATL,-1.50,11,-1.50,11
2025-04-15,MIN,NYM,-1.50,10,-1.50,10
2025-04-15,CWS,ATH,-1.50,11,-1.50,11
2025-04-15,MIL,DET,-1.50,11,-1.50,11
2025-04-15,STL,HOU,-1.50,11,-1.50,11
2025-04-16,TEX,LAA,-1.50,11,-1.50,11
2025-04-16,SD,CHC,1.50,11,1.50,11
2025-04-16,LAD,COL,1.50,11,1.50,11
2025-04-16,TOR,ATL,-1.50,11,-1.50,11
2025-04-16,MIN,NYM,-1.50,8,1.50,11
2025-04-16,MIL,DET,1.50,11,1.50,11
2025-04-16,STL,HOU,-1.50,11,-1.50,11
2025-04-16,SD,CHC,1.50,11,1.50,11
2025-04-16,BAL,CLE,1.50,11,1.50,11
2025-04-16,PIT,WSH,-1.50,11,-1.50,11
2025-04-16,CIN,SEA,-1.50,11,-1.50,11
2025-04-16,MIA,AZ,-1.50,11,-1.50,11
2025-04-16,PHI,SF,1.50,11,1.50,11
2025-04-16,TB,BOS,1.50,11,1.50,11
2025-04-16,NYY,KC,1.50,11,1.50,11
2025-04-16,CWS,ATH,-1.50,11,-1.50,11
2025-04-17,TEX,LAA,1.50,11,1.50,11
2025-04-17,LAD,COL,,0,,0
2025-04-17,MIA,AZ,-1.50,11,-2.50,9
2025-04-17,PIT,WSH,1.50,11,1.50,11
2025-04-17,CIN,SEA,1.50,11,1.50,11
2025-04-17,CWS,ATH,-1.50,11,-1.50,11
2025-04-17,PHI,SF,1.50,11,1.50,11
2025-04-17,BAL,CLE,-1.50,11,-1.50,11
2025-04-17,DET,KC,1.50,11,1.50,11
2025-04-17,TB,NYY,-1.50,11,-1.50,11
2025-04-17,NYM,STL,1.50,11,1.50,11
2025-04-18,TEX,LAA,,0,,0
2025-04-18,CHC,AZ,-1.50,11,-1.50,11
2025-04-18,DET,KC,-1.50,11,-1.50,11
2025-04-18,PIT,CLE,-1.50,11,-1.50,11
2025-04-18,PHI,MIA,1.50,11,1.50,11
2025-04-18,BAL,CIN,1.50,11,1.50,11
2025-04-18,TB,NYY,-1.50,11,-1.50,11
2025-04-18,TOR,SEA,-1.50,11,-1.50,11
2025-04-18,NYM,STL,1.50,11,1.50,11
2025-04-18,BOS,CWS,1.50,11,1.50,11
2025-04-18,ATL,MIN,1.50,10,1.50,10
2025-04-19,TEX,LAD,-1.50,11,1.50,11
2025-04-19,HOU,SD,-1.50,11,-1.50,11
2025-04-19,MIL,ATH,1.50,11,1.50,11
2025-04-19,LAA,SF,-1.50,11,-1.50,11
2025-04-19,PHI,MIA,1.50,11,1.50,11
2025-04-19,DET,KC,1.50,11,1.50,11
2025-04-19,CHC,AZ,-1.50,11,-1.50,11
2025-04-19,TOR,SEA,-1.50,11,-1.50,11
2025-04-19,BAL,CIN,-1.50,11,1.50,11
2025-04-19,PIT,CLE,1.50,11,1.50,11
2025-04-19,NYM,STL,1.50,11,1.50,11
2025-04-19,TEX,LAD,-1.50,11,1.50,11
2025-04-19,COL,WSH,-1.50,11,-1.50,11
2025-04-19,BOS,CWS,1.50,11,1.50,11
2025-04-19,TB,NYY,1.50,11,1.50,11
2025-04-19,HOU,SD,-1.50,11,-1.50,11
2025-04-19,MIL,ATH,1.50,11,1.50,11
2025-04-19,ATL,MIN,1.50,10,1.50,10
2025-04-20,LAA,SF,-1.50,11,-1.50,11
2025-04-20,BAL,CIN,1.50,11,1.50,11
2025-04-20,PIT,CLE,1.50,11,1.50,11
2025-04-20,ATL,MIN,1.50,10,1.50,10
2025-04-20,BOS,CWS,1.50,11,1.50,11
2025-04-20,PHI,MIA,1.50,11,1.50,11
2025-04-20,TOR,SEA,-1.50,11,-1.50,11
2025-04-20,DET,KC,1.50,11,1.50,11
2025-04-20,NYM,STL,1.50,11,1.50,11
2025-04-20,TB,NYY,-1.50,11,-1.50,11
2025-04-20,MIL,ATH,1.50,11,1.50,11
2025-04-20,CHC,AZ,1.50,11,1.50,11
2025-04-20,TEX,LAD,-1.50,11,-1.50,11
2025-04-20,COL,WSH,-1.50,11,-1.50,11
2025-04-20,LAA,SF,-1.50,11,-1.50,11
2025-04-20,HOU,SD,1.50,11,1.50,11
2025-04-21,COL,WSH,,0,,0
2025-04-21,BOS,CWS,1.50,10,3.50,6
2025-04-21,CLE,NYY,-1.50,10,-1.50,10
2025-04-21,DET,SD,1.50,10,1.50,10
2025-04-21,MIA,CIN,-1.50,10,-1.50,10
2025-04-21,NYM,PHI,1.50,10,1.50,10
2025-04-21,ATL,STL,1.50,10,1.50,10
2025-04-22,HOU,TOR,-1.50,11,-1.50,11
2025-04-22,SF,MIL,1.50,11,1.50,11
2025-04-22,CLE,NYY,-1.50,11,-1.50,11
2025-04-22,DET,SD,-1.50,11,1.50,11
2025-04-22,MIA,CIN,-1.50,11,-1.50,11
2025-04-22,WSH,BAL,-1.50,11,-1.50,11
2025-04-22,BOS,SEA,1.50,11,1.50,11
2025-04-22,NYM,PHI,-1.50,11,-1.50,11
2025-04-22,ATL,STL,1.50,7,1.50,9
2025-04-22,KC,COL,1.50,11,1.50,11
2025-04-22,CHC,LAD,-1.50,11,-1.50,11
2025-04-22,MIN,CWS,1.50,11,1.50,11
2025-04-23,HOU,TOR,-1.50,11,-1.50,11
2025-04-23,LAA,PIT,1.50,11,1.50,11
2025-04-23,AZ,TB,1.50,11,1.50,11
2025-04-23,SF,MIL,1.50,11,1.50,11
2025-04-23,ATH,TEX,-1.50,11,-1.50,11
2025-04-23,ATL,STL,1.50,11,1.50,10
2025-04-23,DET,SD,1.50,11,1.50,11
2025-04-23,NYM,PHI,-1.50,11,-1.50,11
2025-04-23,MIA,CIN,1.50,11,-1.50,11
2025-04-23,CLE,NYY,-1.50,11,-1.50,11
2025-04-23,WSH,BAL,-1.50,11,-1.50,11
2025-04-23,BOS,SEA,1.50,11,1.50,11
2025-04-23,CHC,LAD,-1.50,8,-1.50,9
2025-04-23,HOU,TOR,-1.50,11,-1.50,11
2025-04-23,MIN,CWS,1.50,11,1.50,11
2025-04-24,LAA,PIT,1.50,11,1.50,11
2025-04-24,AZ,TB,1.50,11,1.50,11
2025-04-24,SF,MIL,1.50,11,1.50,11
2025-04-24,ATH,TEX,-1.50,11,-1.50,11
2025-04-24,MIN,CWS,1.50,11,1.50,11
2025-04-24,BOS,SEA,1.50,11,1.50,11
2025-04-24,KC,COL,1.50,10,1.50,11
2025-04-24,KC,COL,1.50,10,1.50,11
2025-04-24,SF,MIL,1.50,11,1.50,11
2025-04-24,WSH,BAL,-1.50,11,1.50,11
2025-04-25,LAA,PIT,,0,,0
2025-04-25,AZ,TB,,0,,0
2025-04-25,ATH,TEX,,0,,0
2025-04-25,CHC,PHI,1.50,10,1.50,11
2025-04-25,WSH,NYM,-1.50,10,-1.50,11
2025-04-25,NYY,TOR,1.50,10,1.50,11
2025-04-25,KC,HOU,-1.50,10,-1.50,11
2025-04-25,MIN,LAA,1.50,10,1.50,11
2025-04-26,STL,MIL,1.50,11,1.50,11
2025-04-26,COL,CIN,-1.50,11,-1.50,11
2025-04-26,SD,TB,1.50,11,1.50,11
2025-04-26,AZ,ATL,1.50,11,1.50,11
2025-04-26,SEA,MIA,1.50,11,1.50,11
2025-04-26,ATH,CWS,1.50,11,1.50,11
2025-04-26,LAD,PIT,1.50,11,1.50,11
2025-04-26,SF,TEX,1.50,11,1.50,11
2025-04-26,CLE,BOS,-1.50,11,-1.50,11
2025-04-26,CLE,BOS,-1.50,11,-1.50,11
2025-04-26,DET,BAL,-1.50,4,-1.50,4
2025-04-26,DET,BAL,-1.50,4,-1.50,4
2025-04-26,MIN,LAA,1.50,10,1.50,10
2025-04-26,STL,MIL,1.50,11,1.50,11
2025-04-26,COL,CIN,-1.50,11,-1.50,11
2025-04-26,WSH,NYM,-1.50,11,-1.50,11
2025-04-26,SF,TEX,1.50,11,1.50,11
2025-04-26,CHC,PHI,-1.50,11,-1.50,11
2025-04-26,ATH,CWS,1.50,11,1.50,11
2025-04-26,KC,HOU,-1.50,11,-1.50,11
2025-04-27,AZ,ATL,-1.50,11,-1.50,10
2025-04-27,SD,TB,-1.50,11,-1.50,10
2025-04-27,LAD,PIT,1.50,11,1.50,10
2025-04-27,SEA,MIA,1.50,11,1.50,10
2025-04-27,WSH,NYM,-1.50,11,-1.50,10
2025-04-27,NYY,TOR,1.50,10,1.50,9
2025-04-27,NYY,TOR,1.50,10,1.50,9
2025-04-27,CLE,BOS,1.50,11,-1.50,10
2025-04-27,DET,BAL,1.50,11,1.50,10
2025-04-27,MIN,LAA,1.50,11,1.50,10
2025-04-27,KC,HOU,-1.50,11,-1.50,10
2025-04-27,STL,MIL,1.50,11,0.00,10
2025-04-27,COL,CIN,-1.50,11,-1.50,10
2025-04-27,SF,TEX,1.50,11,1.50,10
2025-04-27,ATH,CWS,1.50,11,1.50,10
2025-04-27,LAD,PIT,1.50,11,1.50,10
2025-04-27,SD,TB,-1.50,11,-1.50,10
2025-04-27,AZ,ATL,-1.50,11,-1.50,10
2025-04-27,SEA,MIA,1.50,11,1.50,10
2025-04-27,CHC,PHI,1.50,11,0.00,10
2025-04-28,WSH,NYM,-1.50,11,-1.50,11
2025-04-28,CLE,MIN,1.50,11,1.50,11
2025-04-28,BAL,NYY,-1.50,11,-1.50,11
2025-04-28,CIN,STL,1.50,11,1.50,11
2025-04-29,TEX,ATH,1.50,11,1.50,11
2025-04-29,HOU,DET,1.50,11,1.50,11
2025-04-29,COL,ATL,-1.50,11,-1.50,11
2025-04-29,LAD,MIA,1.50,8,1.50,9
2025-04-29,CLE,MIN,1.50,10,1.50,10
2025-04-29,BAL,NYY,-1.50,11,-1.50,11
2025-04-29,PIT,CHC,-1.50,11,-1.50,11
2025-04-29,PHI,WSH,1.50,11,1.50,11
2025-04-29,TB,KC,1.50,11,1.50,11
2025-04-29,TOR,BOS,-1.50,11,-1.50,11
2025-04-29,NYM,AZ,1.50,11,1.50,11
2025-04-29,CWS,MIL,-1.50,11,-1.50,11
2025-04-30,TEX,ATH,1.50,11,1.50,11
2025-04-30,HOU,DET,1.50,11,1.50,11
2025-04-30,COL,ATL,-1.50,11,-1.50,11
2025-04-30,SEA,LAA,1.50,11,1.50,11
2025-04-30,SD,SF,1.50,11,1.50,11
2025-04-30,LAD,MIA,1.50,11,1.50,11
2025-04-30,CIN,STL,1.50,10,1.50,11
2025-04-30,CIN,STL,1.50,10,1.50,11
2025-04-30,HOU,DET,1.50,11,1.50,11
2025-04-30,COL,ATL,-1.50,11,-1.50,11
2025-04-30,LAD,MIA,1.50,11,1.50,11
2025-04-30,SEA,LAA,1.50,11,1.50,11
2025-04-30,SD,SF,1.50,11,1.50,11
2025-04-30,CLE,MIN,-1.50,11,-1.50,11
2025-04-30,BAL,NYY,-1.50,10,-1.50,10
2025-04-30,PIT,CHC,-1.50,11,-1.50,11
2025-04-30,PHI,WSH,1.50,11,1.50,11
2025-04-30,TB,KC,1.50,11,1.50,11
2025-04-30,TOR,BOS,-1.50,8,-1.50,9
2025-04-30,NYM,AZ,-1.50,11,-1.50,11
2025-04-30,CWS,MIL,-1.50,11,-1.50,11
2025-05-01,TEX,ATH,1.50,11,1.50,11
2025-05-01,PIT,CHC,1.50,11,1.50,11
2025-05-01,CIN,STL,1.50,11,-1.50,11
2025-05-01,NYM,AZ,1.50,11,1.50,11
2025-05-01,TB,KC,1.50,11,1.50,11
2025-05-01,CLE,MIN,-1.50,11,-1.50,11
2025-05-01,CWS,MIL,-1.50,11,-1.50,11
2025-05-01,TEX,ATH,1.50,11,1.50,11
2025-05-01,PHI,WSH,1.50,11,1.50,11
2025-05-01,TOR,BOS,-1.50,11,-1.50,11
2025-05-02,LAA,DET,-1.50,11,-1.50,11
2025-05-02,SF,COL,1.50,11,1.50,11
2025-05-02,CIN,WSH,1.50,11,1.50,11
2025-05-02,PIT,SD,-1.50,11,-1.50,11
2025-05-02,PHI,AZ,1.50,11,1.50,11
2025-05-02,BAL,KC,1.50,11,1.50,11
2025-05-02,NYY,TB,1.50,11,1.50,11
2025-05-02,TOR,CLE,1.50,11,1.50,11
2025-05-02,BOS,MIN,-1.50,11,-1.50,11
2025-05-02,MIA,ATH,-1.50,11,-1.50,11
2025-05-02,ATL,LAD,-1.50,10,-1.50,10
2025-05-02,CWS,HOU,-1.50,11,-1.50,11
2025-05-03,TEX,SEA,-1.50,11,-1.50,11
2025-05-03,MIL,CHC,-1.50,11,-1.50,11
2025-05-03,STL,NYM,-1.50,11,-1.50,11
2025-05-03,LAA,DET,-1.50,11,-1.50,11
2025-05-03,SF,COL,1.50,11,1.50,11
2025-05-03,NYY,TB,1.50,11,1.50,11
2025-05-03,CWS,HOU,-1.50,11,-1.50,11
2025-05-03,TOR,CLE,1.50,11,1.50,11
2025-05-03,PIT,SD,-1.50,11,1.50,11
2025-05-03,SF,COL,1.50,11,1.50,11
2025-05-03,BOS,MIN,1.50,11,1.50,11
2025-05-03,MIA,ATH,1.50,11,1.50,11
2025-05-03,PHI,AZ,1.50,11,1.50,11
2025-05-03,CIN,WSH,1.50,11,1.50,11
2025-05-03,TEX,SEA,-1.50,11,-1.50,11
2025-05-03,MIL,CHC,-1.50,11,-1.50,11
2025-05-03,BAL,KC,-1.50,11,1.50,11
2025-05-03,ATL,LAD,-1.50,10,-1.50,10
2025-05-04,LAA,DET,-1.50,11,-1.50,11
2025-05-04,STL,NYM,-1.50,10,-1.50,11
2025-05-04,STL,NYM,-1.50,10,-1.50,11
2025-05-04,BAL,KC,1.50,11,1.50,11
2025-05-04,PIT,SD,1.50,11,-1.50,11
2025-05-04,BOS,MIN,1.50,10,1.50,10
2025-05-04,NYY,TB,1.50,11,1.50,11
2025-05-04,TOR,CLE,-1.50,11,-1.50,11
2025-05-04,MIA,ATH,-1.50,11,-1.50,11
2025-05-04,PHI,AZ,1.50,11,1.50,11
2025-05-04,CWS,HOU,-1.50,11,-1.50,11
2025-05-04,MIL,CHC,-1.50,11,-1.50,11
2025-05-04,TEX,SEA,1.50,11,1.50,11
2025-05-04,SF,COL,1.50,11,1.50,11
2025-05-04,LAA,DET,-1.50,11,-1.50,11
2025-05-04,CIN,WSH,1.50,11,1.50,11
2025-05-04,ATL,LAD,-1.50,10,-1.50,10
2025-05-05,MIA,LAD,-1.50,11,-1.50,11
2025-05-05,NYY,SD,1.50,11,1.50,11
2025-05-05,ATL,CIN,1.50,11,1.50,11
2025-05-05,CHC,SF,1.50,11,1.50,11
2025-05-05,KC,CWS,1.50,11,1.50,11
2025-05-05,MIL,HOU,-1.50,11,-1.50,11
2025-05-05,STL,PIT,1.50,11,1.50,11
2025-05-06,AZ,NYM,-1.50,11,-1.50,11
2025-05-06,ATH,SEA,1.50,11,1.50,11
2025-05-06,WSH,CLE,-1.50,11,-1.50,11
2025-05-06,WSH,CLE,-1.50,11,-1.50,11
2025-05-06,MIA,LAD,-1.50,11,-1.50,11
2025-05-06,BOS,TEX,-1.50,11,-1.50,11
2025-05-06,TB,PHI,-1.50,11,-1.50,11
2025-05-06,NYY,SD,-1.50,11,-1.50,11
2025-05-06,ATL,CIN,1.50,11,1.50,11
2025-05-06,CHC,SF,1.50,11,1.50,11
2025-05-06,MIN,BAL,1.50,11,1.50,11
2025-05-06,KC,CWS,1.50,11,1.50,11
2025-05-06,MIL,HOU,1.50,11,1.50,11
2025-05-06,STL,PIT,-1.50,11,-1.50,11
2025-05-07,LAA,TOR,-1.50,11,-1.50,11
2025-05-07,AZ,NYM,-1.50,11,-1.50,11
2025-05-07,ATH,SEA,-1.50,11,-1.50,11
2025-05-07,WSH,CLE,-1.50,11,1.50,7
2025-05-07,MIL,HOU,-1.50,11,-1.50,11
2025-05-07,STL,PIT,1.50,11,1.50,11
2025-05-07,CHC,SF,1.50,11,1.50,11
2025-05-07,ATH,SEA,-1.50,11,-1.50,11
2025-05-07,AZ,NYM,-1.50,11,-1.50,11
2025-05-07,MIA,LAD,-1.50,11,-1.50,11
2025-05-07,BOS,TEX,1.50,11,1.50,11
2025-05-07,TB,PHI,-1.50,11,-1.50,11
2025-05-07,NYY,SD,1.50,11,1.50,11
2025-05-07,ATL,CIN,1.50,9,1.50,11
2025-05-07,MIN,BAL,1.50,11,1.50,11
2025-05-07,KC,CWS,1.50,11,1.50,11
2025-05-08,COL,DET,-1.50,8,-1.50,9
2025-05-08,LAA,TOR,-1.50,11,-1.50,11
2025-05-08,MIN,BAL,1.50,11,1.50,11
2025-05-08,BOS,TEX,1.50,11,1.50,11
2025-05-08,KC,CWS,1.50,11,1.50,11
2025-05-08,COL,DET,-1.50,8,-1.50,9
2025-05-08,COL,DET,-1.50,8,-1.50,9
2025-05-08,TB,PHI,-1.50,11,-1.50,11
2025-05-08,ATL,CIN,1.50,11,1.50,11
2025-05-09,LAA,TOR,,0,,0
2025-05-09,AZ,LAD,1.50,11,1.50,11
2025-05-09,DET,TEX,1.50,11,1.50,11
2025-05-09,PIT,ATL,-1.50,11,-1.50,11
2025-05-09,WSH,STL,1.50,11,1.50,11
2025-05-09,TB,MIL,-1.50,11,-1.50,11
2025-05-09,NYM,CHC,1.50,11,1.50,11
2025-05-09,CLE,PHI,-1.50,11,-1.50,11
2025-05-09,KC,BOS,-1.50,11,-1.50,11
2025-05-09,CWS,MIA,-1.50,11,-1.50,11
2025-05-10,HOU,CIN,1.50,11,1.50,11
2025-05-10,MIN,SF,1.50,10,1.50,10
2025-05-10,COL,SD,-1.50,11,-1.50,11
2025-05-10,LAA,BAL,-1.50,11,-1.50,11
2025-05-10,AZ,LAD,-1.50,11,-1.50,11
2025-05-10,SEA,TOR,1.50,11,1.50,11
2025-05-10,ATH,NYY,-1.50,11,-1.50,11
2025-05-10,WSH,STL,-1.50,11,-1.50,11
2025-05-10,PIT,ATL,-1.50,11,-1.50,11
2025-05-10,ATH,NYY,-1.50,11,-1.50,11
2025-05-10,TB,MIL,1.50,11,1.50,11
2025-05-10,DET,TEX,-1.50,11,-1.50,11
2025-05-10,CLE,PHI,-1.50,11,-1.50,11
2025-05-10,HOU,CIN,1.50,11,1.50,11
2025-05-10,KC,BOS,-1.50,11,-1.50,11
2025-05-10,CWS,MIA,-1.50,11,-1.50,11
2025-05-10,NYM,CHC,1.50,11,1.50,11
2025-05-10,MIN,SF,1.50,10,1.50,10
2025-05-11,AZ,LAD,1.50,11,1.50,11
2025-05-11,COL,SD,-1.50,11,-1.50,11
2025-05-11,LAA,BAL,-1.50,11,-1.50,11
2025-05-11,SEA,TOR,1.50,11,1.50,11
2025-05-11,NYM,CHC,1.50,11,1.50,7
2025-05-11,WSH,STL,1.50,11,1.50,11
2025-05-11,PIT,ATL,-1.50,11,-1.50,11
2025-05-11,DET,TEX,1.50,11,1.50,11
2025-05-11,TB,MIL,1.50,11,1.50,11
2025-05-11,HOU,CIN,1.50,11,1.50,11
2025-05-11,KC,BOS,1.50,11,1.50,11
2025-05-11,MIN,SF,1.50,11,1.50,11
2025-05-11,CWS,MIA,-1.50,11,-1.50,11
2025-05-11,COL,SD,-1.50,11,-1.50,11
2025-05-11,ATH,NYY,-1.50,11,-1.50,11
2025-05-11,LAA,BAL,-1.50,11,-1.50,11
2025-05-11,AZ,LAD,1.50,11,1.50,11
2025-05-11,SEA,TOR,1.50,11,1.50,11
2025-05-11,CLE,PHI,-1.50,11,-1.50,11
2025-05-12,CLE,MIL,-1.50,11,-1.50,11
2025-05-12,DET,BOS,-1.50,11,-1.50,11
2025-05-12,PHI,STL,1.50,11,1.50,11
2025-05-12,NYM,PIT,1.50,11,1.50,11
2025-05-12,ATL,WSH,1.50,11,1.50,11
2025-05-12,CHC,MIA,1.50,11,1.50,11
2025-05-13,TEX,COL,1.50,11,1.50,11
2025-05-13,HOU,KC,1.50,11,1.50,11
2025-05-13,SD,LAA,1.50,11,1.50,11
2025-05-13,SEA,NYY,-1.50,11,-1.50,11
2025-05-13,SF,AZ,-1.50,11,-1.50,11
2025-05-13,CLE,MIL,1.50,11,1.50,11
2025-05-13,DET,BOS,-1.50,11,-1.50,11
2025-05-13,CIN,CWS,1.50,11,1.50,11
2025-05-13,TOR,TB,1.50,11,1.50,11
2025-05-13,NYM,PIT,1.50,11,1.50,11
2025-05-13,ATL,WSH,1.50,11,1.50,11
2025-05-13,CHC,MIA,1.50,11,1.50,11
2025-05-14,TEX,COL,1.50,11,1.50,11
2025-05-14,HOU,KC,1.50,11,1.50,11
2025-05-14,SD,LAA,1.50,11,1.50,11
2025-05-14,SEA,NYY,-1.50,11,-1.50,11
2025-05-14,SF,AZ,-1.50,11,-1.50,11
2025-05-14,LAD,ATH,1.50,11,1.50,11
2025-05-14,BAL,MIN,1.50,5,,0
2025-05-14,BAL,MIN,1.50,5,,0
2025-05-14,PHI,STL,1.50,11,1.50,11
2025-05-14,PHI,STL,1.50,11,1.50,11
2025-05-14,CLE,MIL,1.50,11,1.50,11
2025-05-14,SF,AZ,-1.50,11,-1.50,11
2025-05-14,SEA,NYY,-1.50,11,-1.50,11
2025-05-14,DET,BOS,1.50,11,1.50,11
2025-05-14,TOR,TB,1.50,11,,0
2025-05-14,NYM,PIT,1.50,11,1.50,11
2025-05-14,CIN,CWS,1.50,11,,0
2025-05-14,ATL,WSH,1.50,11,,0
2025-05-14,CHC,MIA,1.50,11,1.50,11
2025-05-15,TEX,COL,,0,,0
2025-05-15,HOU,KC,,0,,0
2025-05-15,SD,LAA,,0,,0
2025-05-15,LAD,ATH,1.50,11,1.50,11
2025-05-15,ATL,WSH,1.50,11,1.50,11
2025-05-15,BAL,MIN,1.50,10,1.50,10
2025-05-15,CIN,CWS,1.50,11,1.50,11
2025-05-15,TOR,TB,1.50,11,1.50,11
2025-05-16,TEX,HOU,1.50,11,1.50,11
2025-05-16,LAD,ATH,,0,,0
2025-05-16,CHC,CWS,1.50,11,1.50,11
2025-05-16,CIN,CLE,-1.50,11,-1.50,11
2025-05-16,PHI,PIT,1.50,11,1.50,11
2025-05-16,BAL,WSH,1.50,11,1.50,11
2025-05-16,NYY,NYM,1.50,11,1.50,11
2025-05-16,TOR,DET,-1.50,11,-1.50,11
2025-05-16,BOS,ATL,-1.50,11,1.50,11
2025-05-16,MIA,TB,-1.50,8,-1.50,11
2025-05-16,KC,STL,1.50,11,1.50,11
2025-05-17,TEX,HOU,1.50,11,1.50,11
2025-05-17,MIL,MIN,-1.50,11,-1.50,11
2025-05-17,AZ,COL,1.50,11,1.50,11
2025-05-17,SD,SEA,1.50,11,1.50,11
2025-05-17,LAD,LAA,1.50,11,1.50,11
2025-05-17,SF,ATH,1.50,11,1.50,11
2025-05-17,NYY,NYM,1.50,11,1.50,11
2025-05-17,CHC,CWS,1.50,11,1.50,11
2025-05-17,TOR,DET,-1.50,11,-1.50,11
2025-05-17,BAL,WSH,1.50,11,1.50,11
2025-05-17,MIA,TB,-1.50,11,-1.50,11
2025-05-17,PHI,PIT,1.50,11,1.50,11
2025-05-17,CIN,CLE,-1.50,11,-1.50,11
2025-05-17,TEX,HOU,1.50,11,1.50,11
2025-05-17,KC,STL,1.50,11,-1.50,11
2025-05-17,BOS,ATL,1.50,11,1.50,11
2025-05-17,MIL,MIN,-1.50,11,-1.50,11
2025-05-18,AZ,COL,1.50,11,1.50,11
2025-05-18,SD,SEA,1.50,11,1.50,11
2025-05-18,SF,ATH,1.50,11,1.50,11
2025-05-18,LAD,LAA,1.50,11,1.50,11
2025-05-18,TEX,HOU,-1.50,11,-1.50,11
2025-05-18,BAL,WSH,1.50,11,1.50,11
2025-05-18,PHI,PIT,-1.50,11,-1.50,11
2025-05-18,BOS,ATL,-1.50,11,-1.50,11
2025-05-18,TOR,DET,1.50,11,1.50,11
2025-05-18,CIN,CLE,1.50,11,1.50,11
2025-05-18,MIA,TB,-1.50,11,-1.50,11
2025-05-18,KC,STL,1.50,11,-1.50,11
2025-05-18,MIL,MIN,1.50,10,1.50,10
2025-05-18,CHC,CWS,1.50,11,1.50,11
2025-05-18,SF,ATH,1.50,11,1.50,11
2025-05-18,AZ,COL,1.50,11,1.50,11
2025-05-18,LAD,LAA,1.50,11,1.50,11
2025-05-18,SD,SEA,1.50,11,1.50,11
2025-05-18,NYY,NYM,1.50,11,1.50,11
2025-05-19,PIT,CIN,-1.50,10,-1.50,11
2025-05-19,MIA,CHC,-1.50,10,-1.50,11
2025-05-19,BOS,NYM,-1.50,9,-1.50,10
2025-05-19,TB,HOU,1.50,10,1.50,11
2025-05-19,MIN,CLE,1.50,10,1.50,11
2025-05-19,CWS,SEA,-1.50,10,-1.50,11
2025-05-19,MIL,BAL,-1.50,10,-1.50,10
2025-05-19,STL,DET,1.50,7,1.50,11
2025-05-20,COL,PHI,-1.50,10,-1.50,10
2025-05-20,SF,KC,1.50,10,1.50,10
2025-05-20,ATH,LAA,1.50,10,1.50,10
2025-05-20,LAD,AZ,1.50,10,1.50,10
2025-05-20,PIT,CIN,-1.50,10,-1.50,10
2025-05-20,MIA,CHC,-1.50,10,-1.50,10
2025-05-20,BOS,NYM,-1.50,10,-1.50,10
2025-05-20,WSH,ATL,-1.50,10,-1.50,10
2025-05-20,TB,HOU,-1.50,10,1.50,10
2025-05-20,NYY,TEX,1.50,10,1.50,10
2025-05-20,TOR,SD,-1.50,10,-1.50,10
2025-05-20,CWS,SEA,-1.50,7,-1.50,8
2025-05-20,MIL,BAL,1.50,10,1.50,10
2025-05-20,STL,DET,-1.50,10,-1.50,10
2025-05-21,COL,PHI,-1.50,10,-1.50,10
2025-05-21,SF,KC,1.50,10,1.50,10
2025-05-21,ATH,LAA,1.50,10,1.50,10
2025-05-21,LAD,AZ,1.50,10,1.50,10
2025-05-21,PIT,CIN,-1.50,10,-1.50,10
2025-05-21,TB,HOU,-1.50,10,-1.50,10
2025-05-21,MIN,CLE,-1.50,4,0.00,4
2025-05-21,MIA,CHC,-1.50,10,-1.50,10
2025-05-21,MIL,BAL,1.50,10,1.50,10
2025-05-21,STL,DET,-1.50,10,-1.50,10
2025-05-21,CWS,SEA,-1.50,10,-1.50,10
2025-05-21,SF,KC,1.50,10,1.50,10
2025-05-21,MIN,CLE,-1.50,4,0.00,4
2025-05-21,BOS,NYM,1.50,10,1.50,10
2025-05-21,NYY,TEX,-1.50,10,-1.50,10
2025-05-21,TOR,SD,1.50,10,1.50,10
2025-05-22,COL,PHI,-1.50,11,-1.50,11
2025-05-22,ATH,LAA,1.50,11,1.50,11
2025-05-22,LAD,AZ,,0,,0
2025-05-22,NYY,TEX,1.50,11,1.50,11
2025-05-22,TOR,SD,-1.50,11,-1.50,11
2025-05-22,COL,PHI,-1.50,11,-1.50,11
2025-05-22,ATH,LAA,1.50,11,1.50,11
2025-05-22,DET,CLE,1.50,11,1.50,11
2025-05-22,PIT,MIL,-1.50,9,-1.50,9
2025-05-22,WSH,ATL,-1.50,11,-1.50,11
2025-05-23,HOU,SEA,1.50,11,1.50,11
2025-05-23,BOS,BAL,1.50,9,1.50,11
2025-05-23,CIN,CHC,-1.50,11,-1.50,11
2025-05-23,PIT,MIL,1.50,11,1.50,11
2025-05-23,WSH,SF,-1.50,11,-1.50,11
2025-05-23,TB,TOR,1.50,11,1.50,11
2025-05-23,DET,CLE,1.50,11,1.50,11
2025-05-23,NYM,LAD,-1.50,11,-1.50,11
2025-05-23,ATL,SD,1.50,11,1.50,11
2025-05-23,CWS,TEX,-1.50,11,-1.50,11
2025-05-24,HOU,SEA,-1.50,11,-1.50,11
2025-05-24,MIN,KC,1.50,11,1.50,10
2025-05-24,STL,AZ,1.50,11,1.50,11
2025-05-24,COL,NYY,-1.50,11,-1.50,11
2025-05-24,LAA,MIA,1.50,10,1.50,10
2025-05-24,ATH,PHI,-1.50,11,-1.50,11
2025-05-24,BOS,BAL,-1.50,11,-1.50,3
2025-05-24,BOS,BAL,-1.50,11,-1.50,3
2025-05-24,MIN,KC,1.50,11,1.50,10
2025-05-24,STL,AZ,1.50,11,1.50,11
2025-05-24,WSH,SF,-1.50,11,-1.50,11
2025-05-24,PIT,MIL,-1.50,11,-1.50,11
2025-05-24,CIN,CHC,-1.50,11,-1.50,11
2025-05-24,HOU,SEA,-1.50,11,-1.50,11
2025-05-24,ATL,SD,-1.50,10,-1.50,10
2025-05-24,CWS,TEX,-1.50,11,-1.50,10
2025-05-24,COL,NYY,-1.50,11,-1.50,11
2025-05-24,TB,TOR,1.50,11,1.50,11
2025-05-24,DET,CLE,1.50,11,1.50,11
2025-05-24,NYM,LAD,1.50,11,1.50,11
2025-05-25,ATH,PHI,-1.50,11,-1.50,11
2025-05-25,LAA,MIA,1.50,11,-1.50,11
2025-05-25,DET,CLE,1.50,11,1.50,7
2025-05-25,BOS,BAL,1.50,11,1.50,11
2025-05-25,WSH,SF,-1.50,11,-1.50,11
2025-05-25,PIT,MIL,-1.50,11,-1.50,11
2025-05-25,CIN,CHC,-1.50,11,-1.50,11
2025-05-25,TB,TOR,-1.50,11,-1.50,11
2025-05-25,HOU,SEA,-1.50,11,-1.50,11
2025-05-25,MIN,KC,1.50,10,1.50,10
2025-05-25,CWS,TEX,-1.50,11,-1.50,11
2025-05-25,STL,AZ,1.50,11,1.50,11
2025-05-25,COL,NYY,-1.50,11,-1.50,11
2025-05-25,ATH,PHI,-1.50,11,-1.50,11
2025-05-25,LAA,MIA,1.50,11,-1.50,11
2025-05-25,ATL,SD,1.50,11,1.50,11
2025-05-25,NYM,LAD,1.50,11,1.50,11
2025-05-26,DET,SF,-1.50,11,-1.50,11
2025-05-26,MIL,BOS,-1.50,11,-1.50,11
2025-05-26,CHC,COL,1.50,11,1.50,11
2025-05-26,BAL,STL,-1.50,11,-1.50,11
2025-05-26,TEX,TOR,1.50,11,1.50,11
2025-05-26,KC,CIN,1.50,11,1.50,11
2025-05-26,NYM,CWS,1.50,11,1.50,11
2025-05-26,CLE,LAD,-1.50,10,-1.50,10
2025-05-26,TB,MIN,1.50,11,1.50,11
2025-05-27,AZ,PIT,1.50,10,1.50,11
2025-05-27,SD,MIA,1.50,10,1.50,11
2025-05-27,LAA,NYY,-1.50,10,-1.50,11
2025-05-27,CLE,LAD,-1.50,10,-1.50,11
2025-05-27,BAL,STL,-1.50,10,-1.50,11
2025-05-27,DET,SF,-1.50,10,-1.50,11
2025-05-27,PHI,ATL,-1.50,10,1.50,11
2025-05-27,TB,MIN,-1.50,10,-1.50,11
2025-05-27,NYM,CWS,1.50,10,1.50,11
2025-05-27,KC,CIN,0.00,10,1.50,11
2025-05-27,MIL,BOS,-1.50,7,1.50,9
2025-05-28,CHC,COL,1.50,10,1.50,10
2025-05-28,TEX,TOR,1.50,10,1.50,10
2025-05-28,HOU,ATH,1.50,10,1.50,10
2025-05-28,LAA,NYY,-1.50,10,-1.50,10
2025-05-28,AZ,PIT,1.50,10,1.50,10
2025-05-28,SEA,WSH,1.50,10,1.50,10
2025-05-28,SD,MIA,1.50,10,1.50,10
2025-05-28,CLE,LAD,-1.50,10,-1.50,10
2025-05-28,DET,SF,0.00,10,0.00,10
2025-05-28,TB,MIN,0.00,10,1.50,9
2025-05-28,NYM,CWS,1.50,10,1.50,10
2025-05-28,MIL,BOS,1.50,10,1.50,10
2025-05-28,HOU,ATH,1.50,10,1.50,10
2025-05-28,AZ,PIT,1.50,10,1.50,10
2025-05-28,SD,MIA,1.50,10,1.50,10
2025-05-28,BAL,STL,1.50,10,1.50,10
2025-05-28,KC,CIN,-1.50,10,-1.50,10
2025-05-29,CHC,COL,,0,,0
2025-05-29,TEX,TOR,,0,,0
2025-05-29,LAA,NYY,,0,,0
2025-05-29,SEA,WSH,1.50,10,0.00,10
2025-05-29,PHI,ATL,1.50,10,0.00,10
2025-05-29,PHI,ATL,1.50,10,0.00,10
2025-05-29,TOR,ATH,1.50,10,1.50,10
2025-05-30,HOU,TB,1.50,11,1.50,10
2025-05-30,SEA,WSH,,0,,0
2025-05-30,CHC,CIN,1.50,8,1.50,10
2025-05-30,BAL,CWS,1.50,6,1.50,10
2025-05-30,PHI,MIL,1.50,11,1.50,10
2025-05-30,TOR,ATH,1.50,11,1.50,10
2025-05-30,CLE,LAA,1.50,11,1.50,10
2025-05-30,NYM,COL,1.50,11,1.50,10
2025-05-30,MIA,SF,-1.50,11,-1.50,10
2025-05-30,ATL,BOS,1.50,11,1.50,10
2025-05-31,TEX,STL,-1.50,10,,0
2025-05-31,KC,DET,-1.50,10,,0
2025-05-31,HOU,TB,1.50,10,,0
2025-05-31,AZ,WSH,1.50,10,,0
2025-05-31,SD,PIT,1.50,10,,0
2025-05-31,SEA,MIN,0.00,10,,0
2025-05-31,LAD,NYY,0.00,10,,0
2025-05-31,CHC,CIN,1.50,10,,0
2025-05-31,TOR,ATH,1.50,10,,0
2025-05-31,TEX,STL,-1.50,10,,0
2025-05-31,BAL,CWS,1.50,10,,0
2025-05-31,PHI,MIL,1.50,10,,0
2025-05-31,CLE,LAA,1.50,10,,0
2025-05-31,KC,DET,-1.50,10,,0
2025-05-31,NYM,COL,1.50,10,,0
2025-05-31,HOU,TB,1.50,10,,0
2025-05-31,ATL,BOS,1.50,10,,0
2025-05-31,MIA,SF,-1.50,10,,0
2025-05-31,SEA,MIN,0.00,10,,0
2025-05-31,LAD,NYY,0.00,10,,0
2025-06-01,SD,PIT,1.50,10,1.50,10
2025-06-01,AZ,WSH,1.50,10,1.50,10
2025-06-01,TEX,STL,1.50,10,1.50,10
2025-06-01,ATL,BOS,-1.50,9,-1.50,9
2025-06-01,BAL,CWS,1.50,10,1.50,10
2025-06-01,PHI,MIL,1.50,10,1.50,10
2025-06-01,TOR,ATH,1.50,10,1.50,10
2025-06-01,CLE,LAA,1.50,10,1.50,10
2025-06-01,NYM,COL,1.50,10,1.50,10
2025-06-01,MIA,SF,-1.50,10,-1.50,10
2025-06-01,KC,DET,1.50,10,1.50,10
2025-06-01,HOU,TB,1.50,10,1.50,10
2025-06-01,CHC,CIN,1.50,10,1.50,10
2025-06-01,AZ,WSH,1.50,10,1.50,10
2025-06-01,SEA,MIN,1.50,9,1.50,9
2025-06-01,SD,PIT,1.50,10,1.50,10
2025-06-01,LAD,NYY,1.50,10,1.50,10
2025-06-02,MIA,COL,1.50,9,1.50,10
2025-06-02,BOS,LAA,1.50,9,1.50,10
2025-06-02,CIN,MIL,1.50,9,0.00,10
2025-06-02,CWS,DET,-1.50,9,-1.50,10
2025-06-03,SF,SD,1.50,10,1.50,10
2025-06-03,ATH,MIN,-1.50,7,-1.50,8
2025-06-03,LAD,NYM,1.50,10,1.50,10
2025-06-03,PIT,HOU,1.50,10,1.50,10
2025-06-03,MIA,COL,1.50,10,1.50,10
2025-06-03,WSH,CHC,-1.50,10,-1.50,10
2025-06-03,NYY,CLE,1.50,10,1.50,10
2025-06-03,TOR,PHI,-1.50,10,-1.50,10
2025-06-03,BOS,LAA,1.50,10,1.50,10
2025-06-03,CIN,MIL,1.50,10,1.50,10
2025-06-03,ATL,AZ,1.50,10,1.50,10
2025-06-03,TB,TEX,1.50,10,1.50,10
2025-06-03,CWS,DET,-1.50,7,-1.50,8
2025-06-03,STL,KC,1.50,10,1.50,10
2025-06-04,SEA,BAL,0.00,10,0.00,10
2025-06-04,SF,SD,-1.50,10,-1.50,10
2025-06-04,ATH,MIN,-1.50,10,-1.50,10
2025-06-04,LAD,NYM,1.50,10,1.50,10
2025-06-04,MIA,COL,1.50,10,-1.50,7
2025-06-04,CIN,MIL,1.50,10,1.50,10
2025-06-04,BOS,LAA,1.50,10,1.50,10
2025-06-04,PIT,HOU,-1.50,10,-1.50,10
2025-06-04,WSH,CHC,-1.50,10,-1.50,10
2025-06-04,NYY,CLE,1.50,10,1.50,10
2025-06-04,TOR,PHI,-1.50,10,-1.50,10
2025-06-04,ATL,AZ,1.50,10,1.50,10
2025-06-04,TB,TEX,1.50,10,1.50,10
2025-06-04,CWS,DET,-1.50,10,-1.50,10
2025-06-05,SEA,BAL,1.50,10,1.50,10
2025-06-05,SF,SD,0.00,10,0.00,10
2025-06-05,ATH,MIN,-1.50,10,-1.50,10
2025-06-05,LAD,NYM,1.50,10,1.50,10
2025-06-05,ATL,AZ,1.50,10,1.50,10
2025-06-05,STL,KC,0.00,10,0.00,10
2025-06-05,STL,KC,0.00,10,0.00,10
2025-06-05,CWS,DET,-1.50,10,-1.50,10
2025-06-05,TOR,PHI,-1.50,10,-1.50,10
2025-06-05,ATH,MIN,-1.50,10,-1.50,10
2025-06-05,SEA,BAL,1.50,10,1.50,10
2025-06-05,SF,SD,0.00,10,0.00,10
2025-06-05,LAD,NYM,1.50,10,1.50,10
2025-06-05,PIT,HOU,-1.50,10,-1.50,10
2025-06-05,WSH,CHC,-1.50,10,-1.50,10
2025-06-05,NYY,CLE,1.50,10,1.50,10
2025-06-05,TB,TEX,1.50,10,1.50,10
2025-06-06,TB,MIA,1.50,10,1.50,10
2025-06-06,PIT,PHI,-1.50,10,-1.50,10
2025-06-06,WSH,TEX,-1.50,10,-1.50,10
2025-06-06,NYY,BOS,1.50,10,1.50,10
2025-06-06,CIN,AZ,-1.50,10,-1.50,10
2025-06-06,DET,CHC,1.50,10,1.50,10
2025-06-06,CLE,HOU,-1.50,10,-1.50,10
2025-06-06,CWS,KC,-1.50,10,-1.50,10
2025-06-07,MIN,TOR,-1.50,9,1.50,9
2025-06-07,MIL,SD,0.00,10,0.00,10
2025-06-07,STL,LAD,-1.50,10,-1.50,10
2025-06-07,COL,NYM,-1.50,10,-1.50,10
2025-06-07,LAA,SEA,-1.50,10,-1.50,10
2025-06-07,ATH,BAL,-1.50,10,-1.50,10
2025-06-07,SF,ATL,1.50,9,1.50,9
2025-06-07,DET,CHC,-1.50,10,-1.50,10
2025-06-07,CIN,AZ,-1.50,10,-1.50,10
2025-06-07,MIN,TOR,-1.50,9,1.50,9
2025-06-07,STL,LAD,-1.50,10,-1.50,10
2025-06-07,WSH,TEX,-1.50,10,-1.50,10
2025-06-07,PIT,PHI,-1.50,10,-1.50,10
2025-06-07,SF,ATL,1.50,9,1.50,9
2025-06-07,CIN,AZ,-1.50,10,-1.50,10
2025-06-07,CLE,HOU,-1.50,10,-1.50,10
2025-06-07,CWS,KC,-1.50,10,-1.50,10
2025-06-07,TB,MIA,1.50,10,1.50,10
2025-06-07,NYY,BOS,-1.50,10,0.00,10
2025-06-07,MIL,SD,0.00,10,0.00,10
2025-06-08,LAA,SEA,-1.50,10,-1.50,10
2025-06-08,COL,NYM,-1.50,10,-1.50,10
2025-06-08,ATH,BAL,-1.50,10,-1.50,10
2025-06-08,TB,MIA,1.50,10,1.50,8
2025-06-08,MIL,SD,1.50,10,1.50,10
2025-06-08,WSH,TEX,-1.50,10,-1.50,10
2025-06-08,PIT,PHI,0.00,10,0.00,10
2025-06-08,CIN,AZ,-1.50,10,-1.50,10
2025-06-08,DET,CHC,1.50,10,1.50,10
2025-06-08,CLE,HOU,1.50,10,1.50,10
2025-06-08,MIN,TOR,1.50,10,1.50,10
2025-06-08,CWS,KC,-1.50,10,-1.50,10
2025-06-08,STL,LAD,-1.50,10,-1.50,10
2025-06-08,COL,NYM,-1.50,10,-1.50,10
2025-06-08,ATH,BAL,-1.50,10,-1.50,10
2025-06-08,SF,ATL,-1.50,10,-1.50,10
2025-06-08,LAA,SEA,-1.50,10,-1.50,10
2025-06-08,NYY,BOS,1.50,10,1.50,10
2025-06-09,CLE,CIN,1.50,11,1.50,11
2025-06-09,PIT,MIA,1.50,11,1.50,11
2025-06-09,PHI,CHC,1.50,11,1.50,11
2025-06-09,BOS,TB,1.50,11,1.50,11
2025-06-09,MIL,ATL,-1.50,11,-1.50,11
2025-06-09,STL,TOR,-1.50,11,-1.50,11
2025-06-10,LAA,ATH,1.50,11,1.50,11
2025-06-10,SD,LAD,-1.50,11,-1.50,11
2025-06-10,AZ,SEA,1.50,11,1.50,11
2025-06-10,BAL,DET,1.50,11,1.50,11
2025-06-10,CLE,CIN,-1.50,11,-1.50,11
2025-06-10,PIT,MIA,1.50,11,1.50,11
2025-06-10,PHI,CHC,-1.50,11,-1.50,11
2025-06-10,NYM,WSH,1.50,11,1.50,11
2025-06-10,BOS,TB,-1.50,11,-1.50,11
2025-06-10,MIN,TEX,1.50,10,1.50,10
2025-06-10,KC,NYY,-1.50,11,-1.50,11
2025-06-10,MIL,ATL,-1.50,11,-1.50,11
2025-06-10,STL,TOR,-1.50,11,-1.50,11
2025-06-11,HOU,CWS,1.50,11,1.50,11
2025-06-11,COL,SF,-1.50,11,-1.50,11
2025-06-11,LAA,ATH,1.50,11,1.50,11
2025-06-11,SD,LAD,-1.50,11,-1.50,11
2025-06-11,AZ,SEA,-1.50,11,-1.50,11
2025-06-11,PIT,MIA,1.50,11,1.50,11
2025-06-11,PHI,CHC,-1.50,11,-1.50,11
2025-06-11,CLE,CIN,-1.50,11,-1.50,11
2025-06-11,MIL,ATL,-1.50,11,-1.50,11
2025-06-11,STL,TOR,1.50,11,1.50,11
2025-06-11,AZ,SEA,-1.50,11,-1.50,11
2025-06-11,LAA,ATH,1.50,11,1.50,11
2025-06-11,SD,LAD,-1.50,11,-1.50,11
2025-06-11,BAL,DET,1.50,11,1.50,11
2025-06-11,NYM,WSH,1.50,11,1.50,11
2025-06-11,BOS,TB,-1.50,11,-1.50,11
2025-06-11,MIN,TEX,1.50,11,1.50,11
2025-06-11,KC,NYY,-1.50,11,-1.50,11
2025-06-12,HOU,CWS,1.50,10,1.50,10
2025-06-12,COL,SF,-1.50,10,-1.50,10
2025-06-12,NYM,WSH,1.50,10,1.50,10
2025-06-12,MIN,TEX,1.50,10,1.50,10
2025-06-12,COL,SF,-1.50,10,-1.50,10
2025-06-12,BAL,DET,-1.50,10,-1.50,10
2025-06-12,KC,NYY,-1.50,10,-1.50,10
2025-06-12,MIL,STL,-1.50,10,-1.50,10
2025-06-13,CHC,PIT,-1.50,11,1.50,9
2025-06-13,HOU,CWS,,0,,0
2025-06-13,CHC,PIT,-1.50,11,1.50,9
2025-06-13,PHI,TOR,1.50,11,1.50,9
2025-06-13,WSH,MIA,1.50,11,1.50,9
2025-06-13,BAL,LAA,1.50,11,1.50,9
2025-06-13,DET,CIN,1.50,8,1.50,9
2025-06-13,NYM,TB,1.50,11,1.50,9
2025-06-13,BOS,NYY,1.50,11,1.50,9
2025-06-13,ATL,COL,1.50,11,1.50,9
2025-06-14,TEX,CWS,1.50,10,1.50,11
2025-06-14,KC,ATH,1.50,10,1.50,11
2025-06-14,HOU,MIN,1.50,9,-1.50,11
2025-06-14,MIL,STL,1.50,10,1.50,11
2025-06-14,AZ,SD,1.50,10,1.50,11
2025-06-14,SEA,CLE,1.50,10,1.50,11
2025-06-14,LAD,SF,1.50,10,1.50,11
2025-06-14,WSH,MIA,1.50,10,1.50,11
2025-06-14,DET,CIN,1.50,10,1.50,11
2025-06-14,CHC,PIT,1.50,10,1.50,11
2025-06-14,BAL,LAA,1.50,10,1.50,11
2025-06-14,PHI,TOR,1.50,10,1.50,11
2025-06-14,TEX,CWS,1.50,10,1.50,11
2025-06-14,KC,ATH,1.50,10,1.50,11
2025-06-14,NYM,TB,1.50,10,1.50,11
2025-06-14,HOU,MIN,1.50,9,-1.50,11
2025-06-14,ATL,COL,1.50,10,1.50,11
2025-06-14,MIL,STL,1.50,10,1.50,11
2025-06-14,AZ,SD,1.50,10,1.50,11
2025-06-14,BOS,NYY,-1.50,10,-1.50,11
2025-06-15,SEA,CLE,0.00,10,1.50,10
2025-06-15,LAD,SF,1.50,10,1.50,10
2025-06-15,DET,CIN,1.50,10,1.50,6
2025-06-15,BAL,LAA,1.50,10,0.00,10
2025-06-15,PHI,TOR,1.50,10,1.50,10
2025-06-15,ATL,COL,1.50,10,1.50,10
2025-06-15,WSH,MIA,1.50,10,1.50,10
2025-06-15,BOS,NYY,-1.50,10,-1.50,10
2025-06-15,NYM,TB,1.50,10,1.50,10
2025-06-15,KC,ATH,1.50,10,1.50,10
2025-06-15,HOU,MIN,1.50,9,0.00,10
2025-06-15,MIL,STL,1.50,10,1.50,10
2025-06-15,CHC,PIT,1.50,10,1.50,10
2025-06-15,TEX,CWS,1.50,10,1.50,10
2025-06-15,AZ,SD,1.50,10,1.50,10
2025-06-15,SEA,CLE,0.00,10,1.50,10
2025-06-15,LAD,SF,1.50,10,1.50,10
2025-06-16,MIA,PHI,-1.50,10,-1.50,10
2025-06-16,WSH,COL,1.50,10,1.50,10
2025-06-16,NYY,LAA,1.50,10,1.50,10
2025-06-16,TB,BAL,1.50,10,-1.50,10
2025-06-17,SEA,BOS,1.50,10,1.50,10
2025-06-17,ATH,HOU,-1.50,10,-1.50,10
2025-06-17,LAD,SD,1.50,8,1.50,8
2025-06-17,MIA,PHI,-1.50,10,-1.50,10
2025-06-17,DET,PIT,1.50,10,1.50,10
2025-06-17,WSH,COL,1.50,10,1.50,10
2025-06-17,NYY,LAA,1.50,10,1.50,10
2025-06-17,TOR,AZ,1.50,10,1.50,10
2025-06-17,CIN,MIN,1.50,10,1.50,10
2025-06-17,ATL,NYM,1.50,10,1.50,10
2025-06-17,TB,BAL,1.50,10,1.50,10
2025-06-17,CWS,STL,-1.50,10,-1.50,10
2025-06-18,TEX,KC,-1.50,10,-1.50,10
2025-06-18,CHC,MIL,1.50,10,1.50,10
2025-06-18,SEA,BOS,-1.50,10,-1.50,10
2025-06-18,SF,CLE,1.50,10,1.50,10
2025-06-18,ATH,HOU,-1.50,10,-1.50,10
2025-06-18,LAD,SD,1.50,10,1.50,10
2025-06-18,SEA,BOS,-1.50,10,-1.50,10
2025-06-18,MIA,PHI,-1.50,10,-1.50,10
2025-06-18,WSH,COL,1.50,10,1.50,10
2025-06-18,NYY,LAA,1.50,10,1.50,10
2025-06-18,TOR,AZ,-1.50,10,-1.50,10
2025-06-18,CIN,MIN,1.50,10,1.50,9
2025-06-18,ATL,NYM,1.50,10,1.50,10
2025-06-18,TB,BAL,0.00,10,0.00,10
2025-06-19,TEX,KC,1.50,10,1.50,10
2025-06-19,SF,CLE,1.50,10,1.50,10
2025-06-19,ATH,HOU,-1.50,10,-1.50,10
2025-06-19,LAD,SD,1.50,10,1.50,10
2025-06-19,CIN,MIN,0.00,10,0.00,10
2025-06-19,WSH,COL,1.50,10,1.50,10
2025-06-19,NYY,LAA,1.50,10,1.50,10
2025-06-19,DET,PIT,-1.50,8,-1.50,7
2025-06-19,DET,PIT,-1.50,8,-1.50,7
2025-06-19,CWS,STL,-1.50,10,-1.50,10
2025-06-19,CWS,STL,-1.50,10,-1.50,10
2025-06-19,CHC,MIL,1.50,10,1.50,10
2025-06-19,TEX,KC,1.50,10,1.50,10
2025-06-19,TOR,AZ,1.50,10,1.50,10
2025-06-19,SF,CLE,1.50,10,1.50,10
2025-06-19,MIA,PHI,-1.50,10,-1.50,10
2025-06-19,ATL,NYM,1.50,10,1.50,10
2025-06-19,TB,BAL,1.50,10,1.50,10
2025-06-20,ATH,HOU,,0,,0
2025-06-20,LAD,SD,,0,,0
2025-06-20,CHC,SEA,1.50,11,1.50,10
2025-06-20,PIT,TEX,-1.50,11,-1.50,10
2025-06-20,TB,DET,-1.50,11,0.00,10
2025-06-20,NYY,BAL,1.50,11,1.50,10
2025-06-20,TOR,CWS,1.50,11,1.50,10
2025-06-20,MIA,ATL,-1.50,11,-1.50,10
2025-06-20,STL,CIN,1.50,11,1.50,10
2025-06-20,PHI,NYM,1.50,11,1.50,10
2025-06-21,MIN,MIL,1.50,10,1.50,11
2025-06-21,COL,AZ,-1.50,10,-1.50,11
2025-06-21,LAA,HOU,1.50,10,1.50,11
2025-06-21,SD,KC,1.50,10,1.50,11
2025-06-21,ATH,CLE,-1.50,10,-1.50,11
2025-06-21,LAD,WSH,1.50,10,1.50,11
2025-06-21,SF,BOS,1.50,10,1.50,11
2025-06-21,TB,DET,1.50,10,1.50,10
2025-06-21,NYY,BAL,1.50,10,1.50,11
2025-06-21,MIN,MIL,1.50,10,1.50,11
2025-06-21,STL,CIN,1.50,10,1.50,11
2025-06-21,CHC,SEA,1.50,10,1.50,11
2025-06-21,TOR,CWS,1.50,10,1.50,11
2025-06-21,SF,BOS,1.50,10,1.50,11
2025-06-21,PIT,TEX,-1.50,10,-1.50,11
2025-06-21,MIA,ATL,-1.50,10,-1.50,11
2025-06-21,SD,KC,1.50,10,1.50,11
2025-06-21,PHI,NYM,0.00,10,-1.50,11
2025-06-22,COL,AZ,-1.50,11,-1.50,10
2025-06-22,LAA,HOU,-1.50,11,-1.50,10
2025-06-22,ATH,CLE,-1.50,11,-1.50,10
2025-06-22,LAD,WSH,1.50,11,1.50,10
2025-06-22,NYY,BAL,1.50,11,1.50,7
2025-06-22,TB,DET,-1.50,11,-1.50,9
2025-06-22,PIT,TEX,-1.50,11,0.00,10
2025-06-22,TOR,CWS,1.50,11,1.50,10
2025-06-22,MIA,ATL,-1.50,11,-1.50,10
2025-06-22,MIN,MIL,1.50,11,1.50,10
2025-06-22,STL,CIN,-1.50,11,-1.50,10
2025-06-22,CHC,SEA,-1.50,11,-1.50,10
2025-06-22,COL,AZ,-1.50,11,-1.50,10
2025-06-22,ATH,CLE,-1.50,11,-1.50,10
2025-06-22,SF,BOS,1.50,11,1.50,10
2025-06-22,LAA,HOU,-1.50,11,-1.50,10
2025-06-22,LAD,WSH,1.50,11,1.50,10
2025-06-22,SD,KC,-1.50,11,-1.50,10
2025-06-22,PHI,NYM,-1.50,11,1.50,10
2025-06-23,BAL,TEX,1.50,10,1.50,10
2025-06-23,NYM,ATL,-1.50,10,-1.50,10
2025-06-23,CIN,NYY,-1.50,10,-1.50,10
2025-06-23,MIN,SEA,-1.50,9,-1.50,9
2025-06-23,CWS,AZ,-1.50,10,-1.50,10
2025-06-23,MIL,PIT,1.50,10,1.50,10
2025-06-23,STL,CHC,-1.50,10,-1.50,10
2025-06-24,LAA,BOS,-1.50,10,-1.50,10
2025-06-24,SD,WSH,1.50,10,1.50,10
2025-06-24,BAL,TEX,1.50,10,1.50,10
2025-06-24,DET,ATH,1.50,10,1.50,10
2025-06-24,CLE,TOR,-1.50,10,-1.50,10
2025-06-24,NYM,ATL,-1.50,10,-1.50,10
2025-06-24,CIN,NYY,-1.50,10,-1.50,10
2025-06-24,KC,TB,1.50,10,1.50,10
2025-06-24,MIN,SEA,1.50,9,1.50,9
2025-06-24,CWS,AZ,-1.50,10,-1.50,10
2025-06-24,MIL,PIT,1.50,10,-1.50,1
2025-06-24,STL,CHC,-1.50,10,-1.50,10
2025-06-25,HOU,PHI,-1.50,11,-1.50,10
2025-06-25,COL,LAD,-1.50,11,-1.50,10
2025-06-25,LAA,BOS,1.50,11,1.50,10
2025-06-25,SD,WSH,1.50,11,1.50,10
2025-06-25,SF,MIA,1.50,11,1.50,10
2025-06-25,CWS,AZ,-1.50,11,-1.50,10
2025-06-25,MIL,PIT,-1.50,11,-1.50,10
2025-06-25,LAA,BOS,1.50,11,1.50,10
2025-06-25,SD,WSH,1.50,11,1.50,10
2025-06-25,BAL,TEX,-1.50,11,-1.50,10
2025-06-25,DET,ATH,1.50,11,1.50,10
2025-06-25,CLE,TOR,-1.50,11,1.50,10
2025-06-25,NYM,ATL,1.50,10,1.50,9
2025-06-25,CIN,NYY,-1.50,11,-1.50,10
2025-06-25,KC,TB,-1.50,11,-1.50,10
2025-06-25,MIN,SEA,1.50,10,1.50,9
2025-06-25,STL,CHC,-1.50,11,-1.50,10
2025-06-26,HOU,PHI,1.50,10,1.50,10
2025-06-26,COL,LAD,-1.50,10,-1.50,10
2025-06-26,SF,MIA,1.50,10,1.50,10
2025-06-26,DET,ATH,1.50,9,1.50,9
2025-06-26,CLE,TOR,1.50,10,1.50,10
2025-06-26,MIN,SEA,1.50,9,1.50,9
2025-06-26,KC,TB,-1.50,10,-1.50,10
2025-06-26,HOU,PHI,1.50,10,1.50,10
2025-06-26,STL,CHC,-1.50,10,-1.50,10
2025-06-26,COL,LAD,-1.50,10,-1.50,10
2025-06-26,SF,MIA,1.50,10,1.50,10
2025-06-26,NYM,ATL,0.00,10,0.00,10
2025-06-27,PIT,NYM,-1.50,11,-1.50,11
2025-06-27,BAL,TB,-1.50,11,-1.50,11
2025-06-27,NYY,ATH,1.50,10,1.50,10
2025-06-27,CIN,SD,-1.50,11,-1.50,11
2025-06-27,CLE,STL,-1.50,11,-1.50,11
2025-06-27,BOS,TOR,-1.50,11,-1.50,11
2025-06-27,DET,MIN,-1.50,9,1.50,10
2025-06-27,ATL,PHI,1.50,11,1.50,11
2025-06-27,CWS,SF,-1.50,11,-1.50,11
2025-06-28,TEX,SEA,-1.50,10,-1.50,10
2025-06-28,HOU,CHC,0.00,10,1.50,10
2025-06-28,KC,LAD,-1.50,10,-1.50,10
2025-06-28,MIL,COL,1.50,10,1.50,10
2025-06-28,LAA,WSH,1.50,10,1.50,10
2025-06-28,AZ,MIA,1.50,10,1.50,10
2025-06-28,NYY,ATH,1.50,10,1.50,10
2025-06-28,DET,MIN,1.50,9,1.50,9
2025-06-28,PIT,NYM,-1.50,10,-1.50,10
2025-06-28,BAL,TB,0.00,10,0.00,10
2025-06-28,TEX,SEA,-1.50,10,-1.50,10
2025-06-28,KC,LAD,-1.50,10,-1.50,10
2025-06-28,CIN,SD,1.50,10,1.50,10
2025-06-28,CLE,STL,1.50,10,1.50,10
2025-06-28,BOS,TOR,-1.50,10,-1.50,10
2025-06-28,CWS,SF,-1.50,10,-1.50,10
2025-06-28,AZ,MIA,1.50,10,1.50,10
2025-06-28,MIL,COL,1.50,10,1.50,10
2025-06-28,HOU,CHC,0.00,10,1.50,10
2025-06-28,ATL,PHI,1.50,10,1.50,10
2025-06-29,LAA,WSH,1.50,11,1.50,10
2025-06-29,CLE,STL,-1.50,11,-2.50,7
2025-06-29,PIT,NYM,-1.50,11,-1.50,10
2025-06-29,BAL,TB,-1.50,11,0.00,10
2025-06-29,BOS,TOR,-1.50,11,-1.50,10
2025-06-29,ATL,PHI,1.50,11,1.50,10
2025-06-29,NYY,ATH,1.50,11,1.50,10
2025-06-29,CIN,SD,1.50,11,1.50,10
2025-06-29,HOU,CHC,1.50,11,1.50,10
2025-06-29,KC,LAD,-1.50,11,-1.50,10
2025-06-29,CWS,SF,-1.50,11,-1.50,10
2025-06-29,MIL,COL,1.50,11,1.50,10
2025-06-29,TEX,SEA,-1.50,11,-1.50,10
2025-06-29,LAA,WSH,1.50,11,1.50,10
2025-06-29,AZ,MIA,1.50,11,1.50,10
2025-06-29,DET,MIN,1.50,9,1.50,8
2025-06-30,PHI,SD,1.50,10,1.50,10
2025-06-30,PIT,STL,-1.50,10,-1.50,10
2025-06-30,TOR,NYY,-1.50,10,-1.50,10
2025-06-30,BOS,CIN,1.50,10,1.50,10
2025-06-30,TB,ATH,1.50,10,1.50,10
2025-07-01,TEX,BAL,1.50,10,1.50,11
2025-07-01,SEA,KC,1.50,10,1.50,11
2025-07-01,AZ,SF,1.50,10,1.50,11
2025-07-01,TOR,NYY,-1.50,10,-1.50,11
2025-07-01,PIT,STL,1.50,10,1.50,11
2025-07-01,MIA,MIN,-1.50,10,-1.50,11
2025-07-01,TB,ATH,1.50,10,1.50,11
2025-07-01,BOS,CIN,0.00,10,-1.50,11
2025-07-01,ATL,LAA,1.50,10,1.50,11
2025-07-02,CHC,CLE,1.50,11,1.50,11
2025-07-02,TEX,BAL,1.50,11,1.50,11
2025-07-02,COL,HOU,-1.50,11,-1.50,11
2025-07-02,SEA,KC,1.50,11,1.50,11
2025-07-02,AZ,SF,1.50,11,1.50,11
2025-07-02,LAD,CWS,1.50,11,1.50,11
2025-07-02,TB,ATH,1.50,11,1.50,9
2025-07-02,PIT,STL,-1.50,11,-1.50,11
2025-07-02,WSH,DET,-1.50,11,-1.50,11
2025-07-02,WSH,DET,-1.50,11,-1.50,11
2025-07-02,PHI,SD,1.50,11,1.50,11
2025-07-02,PHI,SD,1.50,11,1.50,11
2025-07-02,NYM,MIL,-1.50,11,-1.50,11
2025-07-02,NYM,MIL,-1.50,11,-1.50,11
2025-07-02,BOS,CIN,1.50,6,1.50,8
2025-07-02,MIA,MIN,-1.50,11,-1.50,11
2025-07-02,TOR,NYY,-1.50,11,-1.50,11
2025-07-02,BOS,CIN,1.50,6,1.50,8
2025-07-02,ATL,LAA,1.50,11,1.50,11
2025-07-03,CHC,CLE,1.50,11,1.50,11
2025-07-03,TEX,BAL,,0,,0
2025-07-03,COL,HOU,-1.50,11,-1.50,11
2025-07-03,SEA,KC,1.50,11,1.50,11
2025-07-03,AZ,SF,-1.50,11,-1.50,11
2025-07-03,LAD,CWS,1.50,11,1.50,11
2025-07-03,MIA,MIN,-1.50,11,1.50,7
2025-07-03,COL,HOU,-1.50,11,-1.50,11
2025-07-03,WSH,DET,-1.50,11,-1.50,11
2025-07-03,TOR,NYY,-1.50,11,-1.50,11
2025-07-03,NYM,MIL,1.50,11,1.50,11
2025-07-03,ATL,LAA,1.50,11,1.50,11
2025-07-04,CHC,CLE,,0,,0
2025-07-04,AZ,SF,,0,,0
2025-07-04,SEA,KC,,0,,0
2025-07-04,LAD,CWS,,0,,0
2025-07-04,WSH,BOS,-1.50,11,-6.50,8
2025-07-04,PHI,CIN,1.50,11,1.50,11
2025-07-04,CHC,STL,1.50,11,1.50,11
2025-07-04,NYM,NYY,1.50,9,1.50,11
2025-07-04,SEA,PIT,1.50,9,1.50,11
2025-07-04,MIN,TB,0.00,10,0.00,10
2025-07-04,SD,TEX,-1.50,11,-1.50,11
2025-07-04,TOR,LAA,1.50,11,1.50,11
2025-07-04,CLE,DET,-1.50,11,-1.50,11
2025-07-04,MIA,MIL,-1.50,11,-1.50,11
2025-07-04,ATL,BAL,1.50,11,1.50,11
2025-07-05,COL,CWS,-1.50,11,-1.50,11
2025-07-05,LAD,HOU,1.50,11,1.50,11
2025-07-05,AZ,KC,1.50,11,1.50,11
2025-07-05,ATH,SF,-1.50,10,-1.50,10
2025-07-05,MIN,TB,-1.50,8,-1.50,10
2025-07-05,CHC,STL,1.50,11,1.50,11
2025-07-05,TOR,LAA,1.50,11,1.50,11
2025-07-05,WSH,BOS,-1.50,11,-1.50,11
2025-07-05,PHI,CIN,1.50,11,1.50,11
2025-07-05,AZ,KC,1.50,11,1.50,11
2025-07-05,ATL,BAL,1.50,11,1.50,11
2025-07-05,NYM,NYY,-1.50,11,-1.50,11
2025-07-05,MIA,MIL,-1.50,11,-1.50,11
2025-07-05,CLE,DET,-1.50,11,-1.50,11
2025-07-05,LAD,HOU,1.50,11,1.50,11
2025-07-06,COL,CWS,-1.50,11,-1.50,11
2025-07-06,SD,TEX,1.50,8,1.50,9
2025-07-06,ATH,SF,0.00,10,0.00,10
2025-07-06,SEA,PIT,-1.50,11,-1.50,11
2025-07-06,ATL,BAL,1.50,11,-1.50,7
2025-07-06,WSH,BOS,-1.50,11,-1.50,11
2025-07-06,PHI,CIN,1.50,11,1.50,11
2025-07-06,TOR,LAA,1.50,11,1.50,11
2025-07-06,CLE,DET,-1.50,11,-1.50,11
2025-07-06,NYM,NYY,-1.50,11,-1.50,11
2025-07-06,MIA,MIL,-1.50,11,-1.50,11
2025-07-06,MIN,TB,0.00,10,1.50,11
2025-07-06,COL,CWS,-1.50,11,-1.50,11
2025-07-06,AZ,KC,1.50,11,1.50,11
2025-07-06,LAD,HOU,1.50,11,1.50,11
2025-07-06,SEA,PIT,-1.50,11,-1.50,11
2025-07-06,CHC,STL,1.50,11,1.50,11
2025-07-07,SD,TEX,,0,,0
2025-07-07,ATH,SF,,0,,0
2025-07-07,DET,TB,-1.50,9,-1.50,8
2025-07-07,BOS,COL,1.50,11,1.50,11
2025-07-07,CIN,MIA,1.50,11,1.50,11
2025-07-07,KC,PIT,1.50,11,1.50,11
2025-07-07,CWS,TOR,-1.50,11,-1.50,11
2025-07-07,MIL,LAD,-1.50,11,-1.50,11
2025-07-08,HOU,CLE,1.50,11,1.50,11
2025-07-08,LAA,TEX,-1.50,11,-1.50,11
2025-07-08,SD,AZ,1.50,11,1.50,11
2025-07-08,SF,PHI,1.50,11,1.50,11
2025-07-08,BAL,NYM,-1.50,11,-1.50,11
2025-07-08,DET,TB,1.50,11,1.50,11
2025-07-08,NYY,SEA,1.50,11,1.50,11
2025-07-08,BOS,COL,1.50,11,1.50,11
2025-07-08,CIN,MIA,1.50,11,-1.50,11
2025-07-08,KC,PIT,1.50,11,1.50,11
2025-07-08,MIN,CHC,-1.50,10,-1.50,10
2025-07-08,CWS,TOR,-1.50,11,-1.50,11
2025-07-08,MIL,LAD,-1.50,11,-1.50,11
2025-07-08,STL,WSH,1.50,11,1.50,11
2025-07-09,HOU,CLE,1.50,11,1.50,11
2025-07-09,LAA,TEX,-1.50,11,-1.50,11
2025-07-09,SD,AZ,1.50,11,1.50,11
2025-07-09,SF,PHI,-1.50,11,-1.50,11
2025-07-09,ATH,ATL,-1.50,10,-1.50,10
2025-07-09,CWS,TOR,-1.50,11,-1.50,11
2025-07-09,MIL,LAD,-1.50,11,-1.50,11
2025-07-09,SF,PHI,-1.50,11,-1.50,11
2025-07-09,DET,TB,1.50,8,1.50,11
2025-07-09,NYY,SEA,1.50,11,1.50,11
2025-07-09,BOS,COL,1.50,11,1.50,11
2025-07-09,CIN,MIA,1.50,11,1.50,11
2025-07-09,KC,PIT,1.50,11,1.50,11
2025-07-09,MIN,CHC,-1.50,10,-1.50,10
2025-07-09,STL,WSH,1.50,11,1.50,11
2025-07-10,HOU,CLE,,0,,0
2025-07-10,LAA,TEX,-1.50,11,-1.50,11
2025-07-10,SD,AZ,-1.50,11,-1.50,11
2025-07-10,ATH,ATL,-1.50,10,-1.50,10
2025-07-10,BAL,NYM,-1.50,8,-1.50,9
2025-07-10,BAL,NYM,-1.50,8,-1.50,9
2025-07-10,MIN,CHC,-1.50,10,-1.50,10
2025-07-10,CIN,MIA,1.50,11,1.50,11
2025-07-10,NYY,SEA,-1.50,11,-1.50,11
2025-07-10,BOS,TB,-1.50,11,-1.50,11
2025-07-10,STL,WSH,1.50,11,1.50,11
2025-07-11,ATH,ATL,,0,,0
2025-07-11,LAA,TEX,,0,,0
2025-07-11,SD,AZ,,0,,0
2025-07-11,CWS,CLE,-1.50,10,-1.50,10
2025-07-11,BAL,MIA,1.50,10,1.50,10
2025-07-11,NYY,CHC,1.50,10,1.50,10
2025-07-11,CIN,COL,1.50,10,1.50,10
2025-07-11,DET,SEA,1.50,10,1.50,10
2025-07-11,BOS,TB,0.00,10,0.00,10
2025-07-12,CWS,CLE,-1.50,10,-1.50,10
2025-07-12,KC,NYM,-1.50,10,-1.50,10
2025-07-12,HOU,TEX,1.50,10,0.00,10
2025-07-12,MIN,PIT,1.50,7,1.50,10
2025-07-12,MIL,WSH,1.50,10,1.50,10
2025-07-12,STL,ATL,1.50,6,-1.50,10
2025-07-12,LAA,AZ,0.00,10,0.00,10
2025-07-12,SD,PHI,-1.50,10,-1.50,10
2025-07-12,ATH,TOR,-1.50,9,-1.50,9
2025-07-12,SF,LAD,-1.50,10,-1.50,10
2025-07-12,NYY,CHC,1.50,10,1.50,10
2025-07-12,DET,SEA,1.50,10,0.00,10
2025-07-12,MIN,PIT,1.50,7,1.50,10
2025-07-12,STL,ATL,1.50,6,-1.50,10
2025-07-12,SF,LAD,-1.50,10,-1.50,10
2025-07-12,BAL,MIA,1.50,10,1.50,10
2025-07-12,CIN,COL,1.50,10,1.50,10
2025-07-12,KC,NYM,-1.50,10,-1.50,10
2025-07-12,BOS,TB,1.50,10,1.50,10
2025-07-12,CWS,CLE,-1.50,10,-1.50,10
2025-07-12,MIL,WSH,1.50,10,1.50,10
2025-07-12,HOU,TEX,1.50,10,0.00,10
2025-07-12,SD,PHI,-1.50,10,-1.50,10
2025-07-13,LAA,AZ,-1.50,11,1.50,11
2025-07-13,ATH,TOR,-1.50,10,-1.50,10
2025-07-13,BOS,TB,-1.50,11,-1.50,11
2025-07-13,BAL,MIA,1.50,11,1.50,11
2025-07-13,NYY,CHC,1.50,11,1.50,11
2025-07-13,CIN,COL,1.50,11,1.50,11
2025-07-13,DET,SEA,-1.50,11,-1.50,11
2025-07-13,KC,NYM,-1.50,11,-1.50,11
2025-07-13,HOU,TEX,1.50,11,1.50,11
2025-07-13,MIN,PIT,1.50,11,1.50,11
2025-07-13,CWS,CLE,-1.50,11,-1.50,11
2025-07-13,MIL,WSH,1.50,11,1.50,11
2025-07-13,STL,ATL,1.50,7,1.50,10
2025-07-13,SF,LAD,-1.50,11,-1.50,11
2025-07-13,ATH,TOR,-1.50,10,-1.50,10
2025-07-13,LAA,AZ,-1.50,11,1.50,11
2025-07-13,SD,PHI,-1.50,11,-1.50,11
2025-07-18,CHC,BOS,1.50,11,1.50,11
2025-07-18,PIT,CWS,1.50,11,1.50,11
2025-07-18,WSH,SD,-1.50,11,-1.50,11
2025-07-18,PHI,LAA,1.50,8,1.50,9
2025-07-18,TOR,SF,1.50,11,1.50,11
2025-07-18,NYM,CIN,1.50,11,1.50,11
2025-07-18,CLE,ATH,1.50,10,1.50,10
2025-07-18,MIA,KC,-1.50,8,-1.50,9
2025-07-18,ATL,NYY,-1.50,7,-1.50,8
2025-07-18,TB,BAL,1.50,11,1.50,11
2025-07-19,TEX,DET,-1.50,11,-1.50,11
2025-07-19,COL,MIN,-1.50,11,-1.50,11
2025-07-19,AZ,STL,-1.50,11,-1.50,11
2025-07-19,SEA,HOU,1.50,11,1.50,11
2025-07-19,LAD,MIL,1.50,11,1.50,11
2025-07-19,TOR,SF,-1.50,11,-1.50,11
2025-07-19,NYM,CIN,1.50,11,1.50,11
2025-07-19,MIA,KC,-1.50,11,-1.50,11
2025-07-19,PHI,LAA,1.50,11,1.50,11
2025-07-19,PIT,CWS,1.50,11,1.50,11
2025-07-19,WSH,SD,-1.50,11,-1.50,11
2025-07-19,TB,BAL,1.50,11,1.50,11
2025-07-19,TEX,DET,-1.50,11,-1.50,11
2025-07-19,CLE,ATH,1.50,10,1.50,10
2025-07-19,CHC,BOS,1.50,11,1.50,11
2025-07-19,AZ,STL,-1.50,11,-1.50,11
2025-07-19,ATL,NYY,-1.50,10,-1.50,10
2025-07-20,COL,MIN,-1.50,11,-1.50,11
2025-07-20,LAD,MIL,1.50,11,1.50,11
2025-07-20,SEA,HOU,1.50,11,1.50,11
2025-07-20,TOR,SF,-1.50,11,1.25,8
2025-07-20,TB,BAL,1.50,11,-1.50,9
2025-07-20,WSH,SD,-1.50,11,-1.50,11
2025-07-20,PHI,LAA,1.50,11,1.50,11
2025-07-20,PIT,CWS,1.50,11,1.50,11
2025-07-20,ATL,NYY,1.50,11,1.50,11
2025-07-20,NYM,CIN,1.50,11,1.50,11
2025-07-20,CLE,ATH,1.50,10,-1.50,10
2025-07-20,MIA,KC,-1.50,11,-1.50,11
2025-07-20,CHC,BOS,-1.50,11,-1.50,11
2025-07-20,COL,MIN,-1.50,11,-1.50,11
2025-07-20,SEA,HOU,1.50,11,1.50,11
2025-07-20,AZ,STL,1.50,11,1.50,11
2025-07-20,LAD,MIL,1.50,11,1.50,11
2025-07-20,TEX,DET,-1.50,11,-1.50,11
2025-07-21,CLE,BAL,1.50,11,1.50,11
2025-07-21,PIT,DET,1.50,11,1.50,11
2025-07-21,MIA,SD,1.50,11,1.50,11
2025-07-21,WSH,CIN,-1.50,11,-1.50,11
2025-07-21,PHI,BOS,1.50,11,1.50,11
2025-07-21,TOR,NYY,-1.50,11,-1.50,11
2025-07-21,NYM,LAA,1.50,11,1.50,11
2025-07-21,ATL,SF,1.50,10,1.50,10
2025-07-21,TB,CWS,1.50,11,1.50,11
2025-07-22,CHC,KC,1.50,11,1.50,11
2025-07-22,TEX,ATH,1.50,10,1.50,10
2025-07-22,COL,STL,-1.50,11,-1.50,11
2025-07-22,AZ,HOU,-1.50,11,-1.50,11
2025-07-22,SEA,MIL,1.50,11,1.50,11
2025-07-22,LAD,MIN,1.50,10,1.50,10
2025-07-22,CLE,BAL,1.50,11,1.50,11
2025-07-22,PIT,DET,-1.50,11,-1.50,11
2025-07-22,MIA,SD,1.50,11,1.50,11
2025-07-22,WSH,CIN,-1.50,11,-1.50,11
2025-07-22,PHI,BOS,1.50,11,1.50,11
2025-07-22,TB,CWS,1.50,11,1.50,11
2025-07-22,TOR,NYY,1.50,11,1.50,11
2025-07-22,NYM,LAA,1.50,11,1.50,11
2025-07-22,ATL,SF,1.50,10,1.50,10
2025-07-23,CHC,KC,1.50,10,1.50,11
2025-07-23,TEX,ATH,1.50,9,1.50,10
2025-07-23,COL,STL,-1.50,10,-1.50,11
2025-07-23,AZ,HOU,1.50,10,1.50,11
2025-07-23,SEA,MIL,1.50,10,1.50,11
2025-07-23,LAD,MIN,1.50,9,1.50,10
2025-07-23,WSH,CIN,-1.50,10,-1.50,8
2025-07-23,MIA,SD,-1.50,10,-1.50,8
2025-07-23,ATL,SF,1.50,10,1.50,10
2025-07-23,PIT,DET,-1.50,10,-1.50,11
2025-07-23,NYM,LAA,1.50,10,1.50,11
2025-07-23,CHC,KC,1.50,10,1.50,11
2025-07-23,COL,STL,-1.50,10,-1.50,11
2025-07-23,AZ,HOU,1.50,10,1.50,11
2025-07-23,SEA,MIL,1.50,10,1.50,11
2025-07-23,LAD,MIN,1.50,9,1.50,10
2025-07-23,CLE,BAL,1.50,10,1.50,11
2025-07-23,TOR,NYY,-1.50,10,-1.50,11
2025-07-23,PHI,BOS,1.50,10,1.50,11
2025-07-23,TB,CWS,1.50,10,1.50,11
2025-07-24,TEX,ATH,,0,,0
2025-07-24,CLE,BAL,1.50,11,-1.50,11
2025-07-24,DET,TOR,1.50,11,1.50,11
2025-07-24,STL,SD,1.50,11,1.50,11
2025-07-25,HOU,ATH,1.50,10,,0
2025-07-25,LAA,SEA,-1.50,11,,0
2025-07-25,MIL,MIA,1.50,11,,0
2025-07-25,PIT,AZ,-1.50,11,,0
2025-07-25,BAL,COL,1.50,11,,0
2025-07-25,NYY,PHI,1.50,11,,0
2025-07-25,BOS,LAD,-1.50,11,,0
2025-07-25,CIN,TB,-1.50,11,,0
2025-07-25,DET,TOR,-1.50,11,,0
2025-07-25,STL,SD,-1.50,11,,0
2025-07-25,CWS,CHC,-1.50,11,,0
2025-07-26,TEX,ATL,1.50,11,-1.50,11
2025-07-26,HOU,ATH,1.50,10,1.50,10
2025-07-26,MIN,WSH,1.50,11,1.50,11
2025-07-26,LAA,SEA,-1.50,11,-1.50,11
2025-07-26,SF,NYM,-1.50,11,-1.50,11
2025-07-26,NYY,PHI,-1.50,11,-1.50,11
2025-07-26,KC,CLE,1.50,11,1.50,11
2025-07-26,KC,CLE,1.50,11,1.50,11
2025-07-26,DET,TOR,1.50,11,1.50,11
2025-07-26,PIT,AZ,-1.50,11,-1.50,11
2025-07-26,CIN,TB,1.50,11,1.50,11
2025-07-26,BAL,COL,1.50,11,1.50,11
2025-07-26,TEX,ATL,1.50,11,-1.50,11
2025-07-26,HOU,ATH,1.50,10,1.50,10
2025-07-26,MIN,WSH,1.50,11,1.50,11
2025-07-26,CWS,CHC,-1.50,11,-1.50,11
2025-07-26,MIL,MIA,1.50,11,1.50,11
2025-07-26,BOS,LAD,1.50,11,1.50,11
2025-07-26,STL,SD,1.50,11,1.50,11
2025-07-27,SF,NYM,-1.50,11,-1.50,11
2025-07-27,LAA,SEA,-1.50,11,-1.50,11
2025-07-27,BAL,COL,1.50,11,1.50,11
2025-07-27,BOS,LAD,-1.50,11,-1.50,11
2025-07-27,PIT,AZ,1.50,11,1.50,11
2025-07-27,NYY,PHI,-1.50,11,-1.50,11
2025-07-27,CIN,TB,-1.50,11,-1.50,11
2025-07-27,DET,TOR,1.50,11,-1.50,11
2025-07-27,KC,CLE,1.50,11,1.50,11
2025-07-27,HOU,ATH,1.50,10,1.50,10
2025-07-27,MIN,WSH,1.50,9,1.50,11
2025-07-27,CWS,CHC,-1.50,11,-1.50,11
2025-07-27,MIL,MIA,1.50,11,1.50,11
2025-07-27,STL,SD,1.50,11,1.50,11
2025-07-27,TEX,ATL,1.50,11,1.50,11
2025-07-27,LAA,SEA,-1.50,11,-1.50,11
2025-07-27,SF,NYM,-1.50,11,-1.50,11
2025-07-28,BAL,TOR,-1.50,11,-1.50,11
2025-07-28,CLE,COL,1.50,11,1.50,11
2025-07-28,DET,AZ,1.50,11,1.50,11
2025-07-28,NYY,TB,1.50,11,1.50,11
2025-07-28,CIN,LAD,-1.50,11,-1.50,11
2025-07-28,MIN,BOS,0.00,10,-1.50,10
2025-07-28,KC,ATL,-1.50,11,-1.50,11
2025-07-28,CWS,PHI,-1.50,11,-1.50,11
2025-07-28,MIL,CHC,-1.50,11,-1.50,11
2025-07-28,STL,MIA,1.50,11,-1.50,11
2025-07-29,HOU,WSH,1.50,11,1.50,11
2025-07-29,LAA,TEX,1.50,11,1.50,11
2025-07-29,SD,NYM,-1.50,11,-1.50,11
2025-07-29,SF,PIT,1.50,11,1.50,11
2025-07-29,ATH,SEA,-1.50,10,-1.50,10
2025-07-29,BAL,TOR,-1.50,7,-1.50,11
2025-07-29,BAL,TOR,-1.50,7,-1.50,11
2025-07-29,CLE,COL,1.50,11,1.50,11
2025-07-29,DET,AZ,1.50,11,1.50,11
2025-07-29,NYY,TB,1.50,11,1.50,11
2025-07-29,CIN,LAD,-1.50,11,-1.50,11
2025-07-29,MIN,BOS,-1.50,10,-1.50,10
2025-07-29,KC,ATL,1.50,11,1.50,11
2025-07-29,CWS,PHI,-1.50,11,-1.50,11
2025-07-29,MIL,CHC,1.50,11,1.50,11
2025-07-29,STL,MIA,1.50,11,1.50,11
2025-07-30,HOU,WSH,1.50,11,-1.50,11
2025-07-30,LAA,TEX,-1.50,11,-1.50,11
2025-07-30,SD,NYM,-1.50,11,-1.50,11
2025-07-30,SF,PIT,1.50,11,1.50,11
2025-07-30,ATH,SEA,-1.50,10,-1.50,10
2025-07-30,BAL,TOR,-1.50,11,1.50,11
2025-07-30,DET,AZ,1.50,11,1.50,11
2025-07-30,MIN,BOS,0.00,10,1.50,10
2025-07-30,HOU,WSH,1.50,11,-1.50,11
2025-07-30,KC,ATL,1.50,10,1.50,11
2025-07-30,CWS,PHI,-1.50,11,-1.50,11
2025-07-30,MIL,CHC,1.50,11,1.50,11
2025-07-30,SF,PIT,1.50,11,1.50,11
2025-07-30,SD,NYM,-1.50,11,-1.50,11
2025-07-30,CLE,COL,1.50,11,1.50,11
2025-07-30,NYY,TB,1.50,11,1.50,11
2025-07-30,CIN,LAD,-1.50,11,-1.50,11
2025-07-30,STL,MIA,1.50,11,1.50,11
2025-07-31,LAA,TEX,,0,,0
2025-07-31,ATH,SEA,,0,,0
2025-07-31,NYY,TB,-1.50,11,-1.50,11
2025-07-31,CIN,ATL,1.50,10,1.50,10
2025-08-01,SEA,TEX,1.50,11,1.50,11
2025-08-01,CIN,ATL,1.50,10,,0
2025-08-01,CHC,BAL,1.50,11,1.50,11
2025-08-01,PHI,DET,1.50,11,1.50,11
2025-08-01,WSH,MIL,-1.50,11,-1.50,11
2025-08-01,TOR,KC,1.50,8,1.50,9
2025-08-01,BOS,HOU,-1.50,8,-1.50,11
2025-08-01,NYM,SF,1.50,11,1.50,11
2025-08-01,CLE,MIN,1.50,10,1.50,10
2025-08-01,MIA,NYY,-1.50,11,-1.50,11
2025-08-01,TB,LAD,-1.50,11,-1.50,11
2025-08-02,COL,PIT,-1.50,11,-1.50,11
2025-08-02,LAA,CWS,1.50,11,1.50,11
2025-08-02,SD,STL,1.50,11,1.50,11
2025-08-02,ATH,AZ,0.00,10,0.00,10
2025-08-02,SEA,TEX,1.50,11,1.50,11
2025-08-02,TB,LAD,-1.50,11,-1.50,11
2025-08-02,CHC,BAL,1.50,11,1.50,11
2025-08-02,TOR,KC,1.50,11,1.50,11
2025-08-02,COL,PIT,-1.50,11,-1.50,11
2025-08-02,PHI,DET,-1.50,11,-1.50,11
2025-08-02,WSH,MIL,-1.50,11,-1.50,11
2025-08-02,BOS,HOU,1.50,11,1.50,11
2025-08-02,NYM,SF,1.50,11,1.50,11
2025-08-02,SEA,TEX,1.50,11,1.50,11
2025-08-02,CLE,MIN,1.50,10,1.50,10
2025-08-02,MIA,NYY,-1.50,11,-1.50,11
2025-08-02,CIN,ATL,-1.50,11,-1.50,11
2025-08-03,ATH,AZ,0.00,10,1.50,10
2025-08-03,LAA,CWS,1.50,11,1.50,11
2025-08-03,SD,STL,1.50,11,1.50,11
2025-08-03,BOS,HOU,-1.50,11,-1.50,8
2025-08-03,TB,LAD,-1.50,11,-1.50,10
2025-08-03,CIN,ATL,1.50,1,1.50,3
2025-08-03,WSH,MIL,-1.50,11,-1.50,11
2025-08-03,TOR,KC,1.50,11,1.50,11
2025-08-03,NYM,SF,1.50,11,1.50,11
2025-08-03,CLE,MIN,1.50,10,1.50,10
2025-08-03,MIA,NYY,-1.50,11,-1.50,11
2025-08-03,CHC,BAL,1.50,11,1.50,11
2025-08-03,COL,PIT,-1.50,11,-1.50,11
2025-08-03,ATH,AZ,0.00,10,1.50,10
2025-08-03,LAA,CWS,1.50,11,1.50,11
2025-08-03,SD,STL,1.50,11,1.50,11
2025-08-03,SEA,TEX,-1.50,11,-1.50,11
2025-08-03,PHI,DET,1.50,11,1.50,11
2025-08-04,PIT,SF,-1.50,11,-1.50,11
2025-08-04,DET,MIN,1.50,8,1.50,8
2025-08-04,MIA,HOU,1.50,11,1.50,11
2025-08-04,PHI,BAL,1.50,11,1.50,11
2025-08-04,BOS,KC,1.50,11,1.50,11
2025-08-04,NYM,CLE,1.50,11,1.50,11
2025-08-04,ATL,MIL,-1.50,10,-1.50,10
2025-08-05,CHC,CIN,1.50,11,1.50,11
2025-08-05,TEX,NYY,1.50,11,1.50,11
2025-08-05,COL,TOR,-1.50,11,-1.50,11
2025-08-05,LAA,TB,1.50,11,1.50,11
2025-08-05,AZ,SD,-1.50,11,-1.50,11
2025-08-05,LAD,STL,1.50,11,1.50,11
2025-08-05,PIT,SF,-1.50,11,-1.50,11
2025-08-05,DET,MIN,1.50,10,1.50,10
2025-08-05,MIA,HOU,-1.50,9,-1.50,9
2025-08-05,WSH,ATH,1.50,10,1.50,10
2025-08-05,PHI,BAL,1.50,11,1.50,11
2025-08-05,BOS,KC,1.50,11,1.50,11
2025-08-05,NYM,CLE,1.50,11,1.50,11
2025-08-05,ATL,MIL,-1.50,10,-1.50,10
2025-08-06,CHC,CIN,1.50,11,1.50,11
2025-08-06,TEX,NYY,-1.50,11,-1.50,11
2025-08-06,COL,TOR,-1.50,11,-1.50,11
2025-08-06,LAA,TB,-1.50,11,-1.50,11
2025-08-06,AZ,SD,-1.50,11,-1.50,11
2025-08-06,SEA,CWS,1.50,11,1.50,11
2025-08-06,LAD,STL,1.50,11,1.50,11
2025-08-06,PIT,SF,-1.50,10,-1.50,11
2025-08-06,PHI,BAL,1.50,11,1.50,11
2025-08-06,NYM,CLE,1.50,11,1.50,11
2025-08-06,DET,MIN,1.50,10,1.50,10
2025-08-06,CHC,CIN,1.50,11,1.50,11
2025-08-06,TEX,NYY,-1.50,11,-1.50,11
2025-08-06,COL,TOR,-1.50,11,-1.50,11
2025-08-06,LAA,TB,-1.50,11,-1.50,11
2025-08-06,LAD,STL,1.50,11,1.50,11
2025-08-06,MIA,HOU,-1.50,11,-1.50,11
2025-08-06,WSH,ATH,-1.50,10,-1.50,10
2025-08-06,BOS,KC,1.50,11,1.50,11
2025-08-06,ATL,MIL,1.50,11,1.50,11
2025-08-07,AZ,SD,,0,,0
2025-08-07,SEA,CWS,1.50,11,1.50,11
2025-08-07,WSH,ATH,-1.50,11,-3.50,8
2025-08-07,SEA,CWS,1.50,11,1.50,11
2025-08-07,PIT,CIN,1.50,11,1.50,11
2025-08-07,ATL,MIA,-1.50,10,-1.50,10
2025-08-08,PIT,CIN,-1.50,11,-1.50,11
2025-08-08,BAL,ATH,-1.50,11,-1.50,11
2025-08-08,NYY,HOU,-1.50,11,-1.50,11
2025-08-08,DET,LAA,1.50,11,1.50,11
2025-08-08,ATL,MIA,-1.50,10,-1.50,10
2025-08-08,CWS,CLE,-1.50,11,-1.50,11
2025-08-09,TEX,PHI,1.50,11,1.50,11
2025-08-09,MIN,KC,-1.50,10,-1.50,10
2025-08-09,MIL,NYM,1.50,11,1.50,11
2025-08-09,STL,CHC,-1.50,11,-1.50,11
2025-08-09,AZ,COL,1.50,11,1.50,11
2025-08-09,SD,BOS,1.50,11,1.50,11
2025-08-09,SEA,TB,1.50,11,1.50,11
2025-08-09,LAD,TOR,1.50,11,1.50,11
2025-08-09,SF,WSH,1.50,11,1.50,11
2025-08-09,ATL,MIA,-1.50,10,-1.50,10
2025-08-09,ATL,MIA,-1.50,10,-1.50,10
2025-08-09,NYY,HOU,-1.50,11,-1.50,11
2025-08-09,SF,WSH,1.50,11,1.50,11
2025-08-09,DET,LAA,1.50,11,1.50,11
2025-08-09,PIT,CIN,-1.50,11,-1.50,11
2025-08-09,BAL,ATH,-1.50,11,-1.50,11
2025-08-09,MIN,KC,-1.50,10,-1.50,10
2025-08-09,CWS,CLE,-1.50,11,-1.50,11
2025-08-09,MIL,NYM,1.50,11,1.50,11
2025-08-09,STL,CHC,-1.50,11,-1.50,11
2025-08-09,TEX,PHI,1.50,11,1.50,11
2025-08-10,AZ,COL,1.50,11,1.50,11
2025-08-10,SD,BOS,1.50,11,1.50,11
2025-08-10,LAD,TOR,1.50,11,1.50,11
2025-08-10,SEA,TB,1.50,11,1.50,11
2025-08-10,MIN,KC,-1.50,10,-1.50,10
2025-08-10,BAL,ATH,1.50,11,-1.50,11
2025-08-10,PIT,CIN,-1.50,11,-1.50,11
2025-08-10,ATL,MIA,1.50,11,1.50,11
2025-08-10,NYY,HOU,1.50,11,1.50,11
2025-08-10,DET,LAA,1.50,11,1.50,11
2025-08-10,CWS,CLE,-1.50,11,-1.50,11
2025-08-10,MIL,NYM,-1.50,11,1.50,11
2025-08-10,TEX,PHI,-1.50,11,-1.50,11
2025-08-10,SF,WSH,1.50,11,1.50,11
2025-08-10,AZ,COL,1.50,11,1.50,11
2025-08-10,SD,BOS,1.50,11,1.50,11
2025-08-10,SEA,TB,1.50,11,1.50,11
2025-08-10,LAD,TOR,1.50,11,1.50,11
2025-08-10,STL,CHC,-1.50,11,-1.50,11
2025-08-11,CIN,PHI,1.50,11,1.50,11
2025-08-11,NYY,MIN,1.50,10,1.50,10
2025-08-11,KC,WSH,1.50,11,1.50,11
2025-08-11,CWS,DET,-1.50,11,-1.50,11
2025-08-11,MIL,PIT,1.50,11,1.50,11
2025-08-11,STL,COL,1.50,11,1.50,11
2025-08-12,TEX,AZ,1.50,11,1.50,11
2025-08-12,HOU,BOS,-1.50,11,-1.50,11
2025-08-12,LAA,LAD,-1.50,11,-1.50,11
2025-08-12,SF,SD,1.50,11,1.50,11
2025-08-12,ATH,TB,-1.50,11,-1.50,11
2025-08-12,BAL,SEA,-1.50,11,-1.50,11
2025-08-12,CIN,PHI,-1.50,11,-1.50,11
2025-08-12,CLE,MIA,1.50,11,1.50,11
2025-08-12,NYY,MIN,1.50,7,1.50,8
2025-08-12,TOR,CHC,1.50,11,1.50,11
2025-08-12,NYM,ATL,1.50,10,1.50,10
2025-08-12,KC,WSH,1.50,11,1.50,11
2025-08-12,CWS,DET,-1.50,8,-1.50,9
2025-08-12,MIL,PIT,1.50,11,1.50,11
2025-08-12,STL,COL,1.50,11,1.50,11
2025-08-13,TEX,AZ,1.50,11,1.50,11
2025-08-13,HOU,BOS,1.50,11,1.50,11
2025-08-13,LAA,LAD,-1.50,11,-1.50,11
2025-08-13,SF,SD,-1.50,11,-1.50,11
2025-08-13,ATH,TB,-1.50,11,-1.50,11
2025-08-13,KC,WSH,1.50,11,1.50,11
2025-08-13,CWS,DET,-1.50,8,-1.50,11
2025-08-13,MIL,PIT,1.50,11,1.50,11
2025-08-13,STL,COL,1.50,11,1.50,11
2025-08-13,TEX,AZ,1.50,11,1.50,11
2025-08-13,SF,SD,-1.50,11,-1.50,11
2025-08-13,CIN,PHI,-1.50,11,-1.50,11
2025-08-13,BAL,SEA,-1.50,11,-1.50,11
2025-08-13,CLE,MIA,1.50,11,1.50,11
2025-08-13,NYY,MIN,1.50,10,1.50,10
2025-08-13,TOR,CHC,1.50,11,1.50,11
2025-08-13,HOU,BOS,1.50,11,1.50,11
2025-08-13,NYM,ATL,1.50,10,1.50,10
2025-08-14,LAA,LAD,,0,,0
2025-08-14,ATH,TB,,0,,0
2025-08-14,BAL,SEA,-1.50,11,-1.50,11
2025-08-14,TOR,CHC,-1.50,11,-1.50,11
2025-08-14,CLE,MIA,1.50,11,1.50,11
2025-08-14,WSH,PHI,-1.50,11,-1.50,11
2025-08-14,NYM,ATL,1.50,10,1.50,10
2025-08-14,MIN,DET,-1.50,10,-1.50,10
2025-08-15,COL,AZ,-1.50,11,-1.50,11
2025-08-15,CHC,PIT,1.50,11,1.50,11
2025-08-15,CIN,MIL,-1.50,8,-1.50,11
2025-08-15,WSH,PHI,-1.50,11,-1.50,11
2025-08-15,TOR,TEX,-1.50,11,-1.50,11
2025-08-15,NYM,SEA,1.50,11,1.50,11
2025-08-15,CLE,ATL,1.50,11,-1.50,11
2025-08-15,BOS,MIA,1.50,11,1.50,11
2025-08-16,HOU,BAL,1.50,10,1.50,11
2025-08-16,MIN,DET,-1.50,10,-1.50,10
2025-08-16,KC,CWS,1.50,11,1.50,11
2025-08-16,STL,NYY,-1.50,11,-1.50,11
2025-08-16,COL,AZ,-1.50,11,-1.50,11
2025-08-16,ATH,LAA,-1.50,11,1.50,11
2025-08-16,LAD,SD,1.50,11,1.50,11
2025-08-16,SF,TB,1.50,11,1.50,11
2025-08-16,CHC,PIT,1.50,11,1.50,11
2025-08-16,TOR,TEX,1.50,11,1.50,11
2025-08-16,WSH,PHI,-1.50,11,-1.50,11
2025-08-16,NYM,SEA,-1.50,11,-1.50,11
2025-08-16,BOS,MIA,1.50,11,1.50,11
2025-08-16,CIN,MIL,-1.50,11,-1.50,11
2025-08-16,HOU,BAL,1.50,10,1.50,11
2025-08-16,CLE,ATL,-1.50,11,-1.50,11
2025-08-16,KC,CWS,1.50,11,1.50,11
2025-08-16,MIN,DET,-1.50,10,-1.50,10
2025-08-16,STL,NYY,-1.50,11,-1.50,11
2025-08-17,COL,AZ,-1.50,11,-1.50,11
2025-08-17,SF,TB,1.50,11,1.50,11
2025-08-17,LAD,SD,1.50,11,1.50,11
2025-08-17,ATH,LAA,-1.50,11,-1.50,11
2025-08-17,WSH,PHI,-1.50,11,-6.75,8
2025-08-17,BOS,MIA,1.50,11,1.50,11
2025-08-17,TOR,TEX,-1.50,11,-1.50,11
2025-08-17,CLE,ATL,1.50,11,1.50,11
2025-08-17,CIN,MIL,1.50,11,1.50,11
2025-08-17,HOU,BAL,1.50,11,1.50,11
2025-08-17,MIN,DET,-1.50,10,-1.50,10
2025-08-17,KC,CWS,1.50,11,1.50,11
2025-08-17,STL,NYY,-1.50,11,-1.50,11
2025-08-17,CHC,PIT,1.50,11,1.50,11
2025-08-17,COL,AZ,-1.50,11,-1.50,11
2025-08-17,ATH,LAA,-1.50,11,-1.50,11
2025-08-17,SF,TB,1.50,11,1.50,11
2025-08-17,LAD,SD,1.50,11,1.50,11
2025-08-17,NYM,SEA,-1.50,11,-1.50,11
2025-08-18,CHC,MIL,1.50,8,1.50,11
2025-08-18,DET,HOU,1.50,11,1.50,11
2025-08-18,PIT,TOR,-1.50,11,-1.50,11
2025-08-18,MIA,STL,1.50,11,1.50,11
2025-08-18,PHI,SEA,-1.50,11,-1.50,11
2025-08-18,BOS,BAL,1.50,11,1.50,11
2025-08-18,ATL,CWS,1.50,11,1.50,11
2025-08-18,KC,TEX,1.50,11,1.50,11
2025-08-19,COL,LAD,-1.50,11,-1.50,11
2025-08-19,LAA,CIN,-1.50,11,-1.50,11
2025-08-19,AZ,CLE,-1.50,11,1.50,11
2025-08-19,SD,SF,1.50,11,1.50,11
2025-08-19,CHC,MIL,-1.50,10,-1.50,11
2025-08-19,DET,HOU,1.50,11,1.50,11
2025-08-19,PIT,TOR,-1.50,11,-1.50,11
2025-08-19,MIA,STL,1.50,11,1.50,11
2025-08-19,WSH,NYM,-1.50,11,-1.50,11
2025-08-19,PHI,SEA,1.50,11,1.50,11
2025-08-19,BOS,BAL,1.50,11,1.50,11
2025-08-19,ATL,CWS,1.50,11,1.50,11
2025-08-19,TB,NYY,-1.50,11,-1.50,11
2025-08-19,KC,TEX,-1.50,11,-1.50,11
2025-08-19,MIN,ATH,1.50,11,1.50,11
2025-08-20,CHC,MIL,-1.50,11,-1.50,11
2025-08-20,COL,LAD,-1.50,11,-1.50,11
2025-08-20,LAA,CIN,1.50,11,1.50,11
2025-08-20,AZ,CLE,1.50,11,-1.50,11
2025-08-20,SD,SF,1.50,11,1.50,11
2025-08-20,PIT,TOR,-1.50,11,-1.50,11
2025-08-20,PHI,SEA,1.50,11,1.50,11
2025-08-20,DET,HOU,-1.50,11,-1.50,11
2025-08-20,AZ,CLE,1.50,11,-1.50,11
2025-08-20,MIA,STL,1.50,11,1.50,11
2025-08-20,WSH,NYM,-1.50,11,-1.50,11
2025-08-20,ATL,CWS,1.50,11,1.50,11
2025-08-20,TB,NYY,1.50,11,1.50,11
2025-08-20,KC,TEX,-1.50,7,1.50,9
2025-08-20,MIN,ATH,1.50,11,1.50,10
2025-08-21,CHC,MIL,1.50,11,1.50,11
2025-08-21,COL,LAD,-1.50,11,-1.50,11
2025-08-21,LAA,CIN,,0,,0
2025-08-21,SD,SF,1.50,11,1.50,11
2025-08-21,MIN,ATH,-1.50,10,-1.50,10
2025-08-21,KC,TEX,1.50,11,1.50,11
2025-08-21,CHC,MIL,1.50,11,1.50,11
2025-08-21,COL,LAD,-1.50,11,-1.50,11
2025-08-21,WSH,NYM,-1.50,11,-1.50,11
2025-08-21,SD,SF,1.50,11,1.50,11
2025-08-21,BAL,HOU,1.50,11,1.50,11
2025-08-21,NYY,BOS,1.50,11,1.50,11
2025-08-21,TB,STL,-1.50,11,-1.50,11
2025-08-22,PIT,COL,1.50,11,1.50,11
2025-08-22,PHI,WSH,1.50,11,1.50,11
2025-08-22,BAL,HOU,-1.50,11,-1.50,11
2025-08-22,NYY,BOS,1.50,11,1.50,11
2025-08-22,DET,KC,1.50,11,1.50,11
2025-08-22,MIA,TOR,-1.50,11,-1.50,11
2025-08-22,ATL,NYM,1.50,10,0.00,10
2025-08-22,TB,STL,1.50,11,1.50,11
2025-08-22,CWS,MIN,-1.50,11,-1.50,11
2025-08-23,TEX,CLE,1.50,11,1.50,11
2025-08-23,MIL,SF,1.50,11,1.50,11
2025-08-23,LAA,CHC,-1.50,11,-1.50,11
2025-08-23,AZ,CIN,-1.50,11,-1.50,11
2025-08-23,SD,LAD,-1.50,11,-1.50,11
2025-08-23,SEA,ATH,1.50,11,1.50,11
2025-08-23,NYY,BOS,-1.50,11,-1.50,11
2025-08-23,MIA,TOR,-1.50,11,-1.50,11
2025-08-23,PHI,WSH,1.50,11,1.50,11
2025-08-23,DET,KC,1.50,11,1.50,11
2025-08-23,PIT,COL,1.50,11,1.50,11
2025-08-23,BAL,HOU,1.50,11,1.50,11
2025-08-23,TEX,CLE,1.50,11,1.50,11
2025-08-23,CWS,MIN,-1.50,11,-1.50,11
2025-08-23,MIL,SF,1.50,11,1.50,11
2025-08-23,ATL,NYM,-1.50,10,-1.50,10
2025-08-24,AZ,CIN,1.50,11,1.50,11
2025-08-24,SD,LAD,-1.50,11,-1.50,11
2025-08-24,LAA,CHC,-1.50,11,-1.50,11
2025-08-24,SEA,ATH,1.50,11,1.50,11
2025-08-24,PIT,COL,1.50,11,1.50,8
2025-08-24,TB,STL,1.50,11,1.50,10
2025-08-24,BAL,HOU,1.50,11,1.50,11
2025-08-24,PHI,WSH,1.50,11,1.50,11
2025-08-24,ATL,NYM,-1.50,10,-1.50,10
2025-08-24,DET,KC,1.50,11,1.50,11
2025-08-24,MIA,TOR,-1.50,11,-1.50,11
2025-08-24,CWS,MIN,-1.50,11,-1.50,11
2025-08-24,MIL,SF,-1.50,8,1.50,10
2025-08-24,TEX,CLE,1.50,11,1.50,11
2025-08-24,LAA,CHC,-1.50,11,-1.50,11
2025-08-24,AZ,CIN,1.50,11,1.50,11
2025-08-24,SD,LAD,-1.50,11,-1.50,11
2025-08-24,SEA,ATH,1.50,11,1.50,11
2025-08-24,NYY,BOS,1.50,11,1.50,11
2025-08-25,BAL,BOS,-1.50,11,-1.50,11
2025-08-25,CLE,TB,1.50,11,1.50,11
2025-08-25,MIA,ATL,-1.50,11,-1.50,11
2025-08-25,NYY,WSH,1.50,11,1.50,11
2025-08-25,TOR,MIN,1.50,10,1.50,10
2025-08-25,NYM,PHI,-1.50,11,-1.50,11
2025-08-25,CWS,KC,-1.50,11,-1.50,11
2025-08-25,MIL,AZ,1.50,11,1.50,11
2025-08-25,STL,PIT,1.50,11,1.50,11
2025-08-26,TEX,LAA,-1.50,11,-1.50,11
2025-08-26,SEA,SD,1.50,11,-1.50,11
2025-08-26,ATH,DET,-1.50,10,-1.50,10
2025-08-26,LAD,CIN,1.50,11,1.50,11
2025-08-26,BAL,BOS,-1.50,11,-1.50,11
2025-08-26,CLE,TB,1.50,11,1.50,11
2025-08-26,MIA,ATL,-1.50,11,-1.50,11
2025-08-26,NYY,WSH,1.50,11,1.50,11
2025-08-26,TOR,MIN,1.50,10,1.50,10
2025-08-26,NYM,PHI,-1.50,11,-1.50,11
2025-08-26,CWS,KC,-1.50,11,-1.50,11
2025-08-26,MIL,AZ,1.50,11,1.50,11
2025-08-26,STL,PIT,1.50,11,1.50,11
2025-08-27,TEX,LAA,1.50,11,1.50,11
2025-08-27,HOU,COL,1.50,11,1.50,11
2025-08-27,SEA,SD,1.50,11,1.50,11
2025-08-27,SF,CHC,-1.50,11,-1.50,11
2025-08-27,ATH,DET,-1.50,11,-1.50,11
2025-08-27,LAD,CIN,1.50,11,1.50,11
2025-08-27,NYY,WSH,1.50,11,1.50,11
2025-08-27,CLE,TB,-1.50,11,-1.50,11
2025-08-27,MIA,ATL,-1.50,11,-1.50,11
2025-08-27,SEA,SD,1.50,11,1.50,11
2025-08-27,BAL,BOS,-1.50,11,-1.50,11
2025-08-27,TOR,MIN,1.50,10,1.50,10
2025-08-27,NYM,PHI,1.50,11,1.50,11
2025-08-27,CWS,KC,-1.50,11,-1.50,11
2025-08-27,MIL,AZ,1.50,11,1.50,11
2025-08-27,STL,PIT,1.50,11,1.50,11
2025-08-28,TEX,LAA,,0,,0
2025-08-28,HOU,COL,1.50,11,1.50,11
2025-08-28,LAD,CIN,,0,,0
2025-08-28,SF,CHC,-1.50,11,-1.50,11
2025-08-28,ATH,DET,,0,,0
2025-08-28,BAL,BOS,-1.50,11,-1.50,11
2025-08-28,HOU,COL,1.50,11,1.50,11
2025-08-28,MIL,AZ,1.50,11,1.50,11
2025-08-28,STL,PIT,1.50,11,1.50,11
2025-08-28,SF,CHC,-1.50,11,-1.50,11
2025-08-28,PHI,ATL,1.50,10,1.50,10
2025-08-28,NYM,MIA,1.50,11,1.50,11
2025-08-28,CWS,NYY,-1.50,11,-1.50,11
2025-08-29,CIN,STL,1.50,11,1.50,11
2025-08-29,WSH,TB,-1.50,11,-1.50,11
2025-08-29,PHI,ATL,1.50,10,1.50,10
2025-08-29,TOR,MIL,1.50,11,1.50,11
2025-08-29,BOS,PIT,-1.50,11,-1.50,11
2025-08-29,CLE,SEA,-1.50,11,-1.50,11
2025-08-29,NYM,MIA,1.50,11,1.50,11
2025-08-29,CWS,NYY,-1.50,11,-1.50,11
2025-08-30,HOU,LAA,1.50,11,1.50,11
2025-08-30,KC,DET,-1.50,11,-1.50,11
2025-08-30,MIN,SD,-1.50,10,-1.50,10
2025-08-30,COL,CHC,-1.50,11,-1.50,11
2025-08-30,ATH,TEX,-1.50,11,-1.50,11
2025-08-30,LAD,AZ,1.50,11,1.50,11
2025-08-30,SF,BAL,-1.50,11,-1.50,11
2025-08-30,TOR,MIL,1.50,11,1.50,11
2025-08-30,WSH,TB,-1.50,11,-1.50,11
2025-08-30,BOS,PIT,1.50,11,1.50,11
2025-08-30,NYM,MIA,1.50,11,1.50,11
2025-08-30,PHI,ATL,1.50,10,1.50,10
2025-08-30,CIN,STL,1.50,11,1.50,11
2025-08-30,HOU,LAA,1.50,11,1.50,11
2025-08-30,MIN,SD,-1.50,10,-1.50,10
2025-08-30,CWS,NYY,-1.50,11,-1.50,11
2025-08-30,KC,DET,-1.50,11,-1.50,11
2025-08-30,CLE,SEA,-1.50,11,-1.50,11
2025-08-30,SF,BAL,-1.50,11,-1.50,11
2025-08-31,COL,CHC,-1.50,11,-1.50,11
2025-08-31,LAD,AZ,1.50,11,1.50,11
2025-08-31,ATH,TEX,-1.50,11,-1.50,11
2025-08-31,CIN,STL,1.50,11,-1.50,8
2025-08-31,MIN,SD,1.50,11,1.50,10
2025-08-31,BOS,PIT,1.50,11,1.50,11
2025-08-31,WSH,TB,-1.50,11,-1.50,11
2025-08-31,TOR,MIL,-1.50,11,-1.50,11
2025-08-31,CLE,SEA,-1.50,11,-1.50,11
2025-08-31,NYM,MIA,1.50,11,1.50,11
2025-08-31,HOU,LAA,1.50,11,1.50,11
2025-08-31,KC,DET,-1.50,11,-1.50,11
2025-08-31,CWS,NYY,-1.50,11,-1.50,11
2025-08-31,COL,CHC,-1.50,11,-1.50,11
2025-08-31,SF,BAL,1.50,11,1.50,11
2025-08-31,ATH,TEX,-1.50,11,-1.50,11
2025-08-31,LAD,AZ,1.50,11,1.50,11
2025-08-31,PHI,ATL,1.50,10,1.50,10
2025-09-01,WSH,MIA,1.50,9,-1.50,11
2025-09-01,DET,NYM,-1.50,11,-1.50,11
2025-09-01,CIN,TOR,1.50,11,1.50,11
2025-09-01,BOS,CLE,1.50,11,1.50,11
2025-09-01,HOU,LAA,1.50,11,1.50,11
2025-09-01,MIN,CWS,1.50,9,1.50,11
2025-09-01,STL,ATH,1.50,11,1.50,11
2025-09-01,CHC,ATL,0.00,10,0.00,10
2025-09-01,COL,SF,-1.50,11,-1.50,11
2025-09-01,MIL,PHI,1.50,11,1.50,11
2025-09-01,SD,BAL,1.50,11,1.50,11
2025-09-01,TB,SEA,-1.50,11,-1.50,11
2025-09-02,AZ,TEX,1.50,11,-1.50,10
2025-09-02,DET,NYM,-1.50,11,-1.50,10
2025-09-02,PIT,LAD,-1.50,11,-1.50,10
2025-09-02,CIN,TOR,-1.50,11,-1.50,10
2025-09-02,BOS,CLE,1.50,11,1.50,10
2025-09-02,WSH,MIA,-1.50,11,-1.50,10
2025-09-02,TB,SEA,-1.50,11,-1.50,10
2025-09-02,KC,LAA,1.50,9,1.50,10
2025-09-02,CHC,ATL,1.50,10,1.50,9
2025-09-02,MIN,CWS,1.50,11,1.50,10
2025-09-02,STL,ATH,-1.50,11,-1.50,10
2025-09-03,HOU,NYY,-1.50,11,-1.50,11
2025-09-03,COL,SF,-1.50,11,-1.50,11
2025-09-03,SD,BAL,1.50,11,1.50,11
2025-09-03,AZ,TEX,1.50,11,1.50,11
2025-09-03,WSH,MIA,-1.50,11,-1.50,11
2025-09-03,DET,NYM,-1.50,11,-1.50,11
2025-09-03,AZ,TEX,1.50,11,1.50,11
2025-09-03,SD,BAL,1.50,11,1.50,11
2025-09-03,PIT,LAD,-1.50,11,-1.50,11
2025-09-03,CIN,TOR,-1.50,11,-1.50,11
2025-09-03,BOS,CLE,1.50,11,1.50,11
2025-09-03,TB,SEA,-1.50,11,-1.50,11
2025-09-03,KC,LAA,1.50,11,1.50,11
2025-09-03,CHC,ATL,1.50,10,1.50,10
2025-09-03,MIN,CWS,1.50,11,1.50,11
2025-09-03,MIL,PHI,-1.50,11,-1.50,11
2025-09-03,STL,ATH,-1.50,11,-1.50,11
2025-09-04,HOU,NYY,-1.50,11,-1.50,11
2025-09-04,COL,SF,,0,,0
2025-09-04,MIL,PHI,1.50,11,1.50,11
2025-09-04,PIT,LAD,-1.50,11,-1.50,11
2025-09-04,TB,CLE,1.50,11,1.50,11
2025-09-04,KC,LAA,1.50,10,1.50,10
2025-09-04,MIN,CWS,1.50,11,1.50,11
2025-09-04,HOU,NYY,-1.50,11,-1.50,11
2025-09-05,CHC,WSH,1.50,11,1.50,11
2025-09-05,CIN,NYM,-1.50,11,-1.50,11
2025-09-05,DET,CWS,1.50,11,1.50,11
2025-09-05,PIT,MIL,-1.50,11,-1.50,11
2025-09-05,BAL,LAD,-1.50,11,-1.50,11
2025-09-05,NYY,TOR,1.50,11,1.50,11
2025-09-05,MIA,PHI,-1.50,11,-1.50,11
2025-09-05,ATL,SEA,1.50,11,1.50,11
2025-09-05,TB,CLE,1.50,11,1.50,11
2025-09-05,KC,MIN,1.50,10,1.50,10
2025-09-06,TEX,HOU,1.50,11,1.50,11
2025-09-06,STL,SF,-1.50,11,-1.50,11
2025-09-06,COL,SD,-1.50,11,-1.50,11
2025-09-06,LAA,ATH,1.50,11,1.50,11
2025-09-06,AZ,BOS,-1.50,11,-1.50,11
2025-09-06,NYY,TOR,1.50,11,1.50,11
2025-09-06,CHC,WSH,1.50,11,1.50,11
2025-09-06,MIA,PHI,-1.50,11,-1.50,11
2025-09-06,DET,CWS,1.50,11,1.50,11
2025-09-06,CIN,NYM,-1.50,11,-1.50,11
2025-09-06,PIT,MIL,-1.50,11,-1.50,11
2025-09-06,BAL,LAD,-1.50,11,-1.50,11
2025-09-06,TB,CLE,1.50,11,1.50,11
2025-09-06,STL,SF,-1.50,11,-1.50,11
2025-09-06,TEX,HOU,1.50,11,1.50,11
2025-09-06,KC,MIN,-1.50,10,-1.50,10
2025-09-06,ATL,SEA,1.50,11,1.50,11
2025-09-07,AZ,BOS,-1.50,11,-1.50,11
2025-09-07,COL,SD,-1.50,11,-1.50,11
2025-09-07,LAA,ATH,-1.50,11,-1.50,11
2025-09-07,ATL,SEA,-1.50,10,-1.25,8
2025-09-07,TB,CLE,1.50,11,1.50,9
2025-09-07,BAL,LAD,-1.50,11,-1.50,11
2025-09-07,NYY,TOR,1.50,11,1.50,11
2025-09-07,PIT,MIL,-1.50,11,-1.50,11
2025-09-07,CIN,NYM,1.50,11,1.50,11
2025-09-07,DET,CWS,1.50,11,1.50,11
2025-09-07,MIA,PHI,-1.50,9,-1.50,11
2025-09-07,KC,MIN,1.50,10,1.50,10
2025-09-07,STL,SF,1.50,11,1.50,11
2025-09-07,CHC,WSH,1.50,11,1.50,11
2025-09-07,TEX,HOU,-1.50,11,-1.50,11
2025-09-07,COL,SD,-1.50,11,-1.50,11
2025-09-07,LAA,ATH,-1.50,11,-1.50,11
2025-09-07,AZ,BOS,-1.50,11,-1.50,11
2025-09-08,CLE,KC,-1.50,11,-1.50,11
2025-09-08,MIA,WSH,1.50,11,1.50,11
2025-09-08,PHI,NYM,-1.50,11,-1.50,11
2025-09-08,ATL,CHC,-1.50,10,-1.50,10
2025-09-09,TEX,MIL,-1.50,11,-1.50,11
2025-09-09,LAA,MIN,-1.50,11,-1.50,11
2025-09-09,SD,CIN,1.50,11,1.50,11
2025-09-09,SEA,STL,1.50,11,1.50,11
2025-09-09,SF,AZ,1.50,11,1.50,11
2025-09-09,ATH,BOS,-1.50,11,-1.50,11
2025-09-09,LAD,COL,1.50,11,1.50,11
2025-09-09,BAL,PIT,1.50,11,1.50,11
2025-09-09,CLE,KC,1.50,11,1.50,11
2025-09-09,MIA,WSH,1.50,11,1.50,11
2025-09-09,PHI,NYM,1.50,11,1.50,11
2025-09-09,NYY,DET,1.50,11,1.50,11
2025-09-09,TOR,HOU,1.50,11,1.50,11
2025-09-09,ATL,CHC,0.00,10,-1.50,10
2025-09-09,CWS,TB,-1.50,8,-1.50,9
2025-09-10,TEX,MIL,-1.50,11,-1.50,11
2025-09-10,LAA,MIN,1.50,10,1.50,10
2025-09-10,SD,CIN,1.50,11,1.50,11
2025-09-10,SEA,STL,1.50,11,1.50,11
2025-09-10,SF,AZ,1.50,11,1.50,11
2025-09-10,ATH,BOS,-1.50,11,-1.50,11
2025-09-10,LAD,COL,1.50,11,1.50,11
2025-09-10,TEX,MIL,-1.50,11,-1.50,11
2025-09-10,ATH,BOS,-1.50,11,-1.50,11
2025-09-10,SF,AZ,1.50,11,1.50,11
2025-09-10,LAA,MIN,1.50,10,1.50,10
2025-09-10,BAL,PIT,-1.50,11,-1.50,11
2025-09-10,CLE,KC,-1.50,11,-1.50,11
2025-09-10,MIA,WSH,1.50,11,1.50,11
2025-09-10,PHI,NYM,1.50,11,1.50,11
2025-09-10,NYY,DET,1.50,11,1.50,11
2025-09-10,TOR,HOU,1.50,11,1.50,11
2025-09-10,ATL,CHC,1.50,11,1.50,11
2025-09-10,CWS,TB,-1.50,10,-1.50,11
2025-09-11,SD,CIN,,0,,0
2025-09-11,SEA,STL,,0,,0
2025-09-11,LAD,COL,,0,,0
2025-09-11,BAL,PIT,1.50,11,1.50,11
2025-09-11,CWS,TB,-1.50,11,-1.50,11
2025-09-11,TOR,HOU,1.50,11,1.50,11
2025-09-11,MIA,WSH,1.50,11,-1.50,11
2025-09-11,NYY,DET,1.50,11,1.50,11
2025-09-11,CLE,KC,1.50,11,1.50,11
2025-09-11,PHI,NYM,1.50,11,1.50,11
2025-09-12,SD,COL,1.50,11,1.50,11
2025-09-12,SEA,LAA,1.50,11,1.50,11
2025-09-12,CHC,TB,1.50,11,1.50,11
2025-09-12,WSH,PIT,-1.50,11,-1.50,11
2025-09-12,PHI,KC,1.50,11,1.50,11
2025-09-12,TOR,BAL,1.50,11,1.50,11
2025-09-12,NYM,TEX,-1.50,11,-1.50,11
2025-09-12,CLE,CWS,1.50,11,1.50,11
2025-09-12,MIA,DET,-1.50,11,-1.50,11
2025-09-12,BOS,NYY,-1.50,11,,0
2025-09-12,ATL,HOU,-1.50,7,0.00,10
2025-09-13,MIN,AZ,1.50,11,1.50,11
2025-09-13,MIL,STL,1.50,11,1.50,11
2025-09-13,SD,COL,1.50,11,1.50,11
2025-09-13,ATH,CIN,-1.50,11,-1.50,11
2025-09-13,SEA,LAA,1.50,11,1.50,11
2025-09-13,SF,LAD,-1.50,11,-1.50,11
2025-09-13,CHC,TB,-1.50,11,-1.50,11
2025-09-13,TOR,BAL,1.50,11,1.50,11
2025-09-13,WSH,PIT,-1.50,11,-1.50,11
2025-09-13,NYM,TEX,1.50,11,1.50,11
2025-09-13,MIA,DET,-1.50,11,-1.50,11
2025-09-13,BOS,NYY,-1.50,11,-1.50,11
2025-09-13,PHI,KC,1.50,11,1.50,11
2025-09-13,CLE,CWS,1.50,11,1.50,11
2025-09-13,MIN,AZ,1.50,11,1.50,11
2025-09-13,ATL,HOU,-1.50,10,-1.50,10
2025-09-14,MIL,STL,1.50,11,1.50,11
2025-09-14,SD,COL,1.50,11,1.50,11
2025-09-14,SF,LAD,-1.50,11,-1.50,11
2025-09-14,SEA,LAA,1.50,11,1.50,11
2025-09-14,ATH,CIN,-1.50,11,-1.50,11
2025-09-14,WSH,PIT,-1.50,11,-1.50,8
2025-09-14,PHI,KC,1.50,11,1.50,11
2025-09-14,ATL,HOU,-1.50,10,-1.50,10
2025-09-14,TOR,BAL,1.50,11,1.50,11
2025-09-14,NYM,TEX,1.50,11,1.50,11
2025-09-14,CLE,CWS,1.50,11,1.50,11
2025-09-14,MIA,DET,-1.50,11,-1.50,11
2025-09-14,MIN,AZ,1.50,10,1.50,10
2025-09-14,MIL,STL,1.50,11,1.50,11
2025-09-14,CHC,TB,1.50,11,1.50,11
2025-09-14,ATH,CIN,-1.50,11,-1.50,11
2025-09-14,SF,LAD,-1.50,11,-1.50,11
2025-09-14,SD,COL,1.50,11,1.50,11
2025-09-14,SEA,LAA,1.50,11,1.50,11
2025-09-14,BOS,NYY,1.50,11,1.50,11
2025-09-15,PIT,CHC,-1.50,11,-1.50,11
2025-09-15,WSH,ATL,-1.50,11,-1.50,11
2025-09-15,TB,TOR,-1.50,9,-1.50,11
2025-09-15,CWS,BAL,-1.50,11,-1.50,11
2025-09-15,MIN,NYY,-1.50,10,-1.50,10
2025-09-15,STL,CIN,-1.50,11,-1.50,11
2025-09-16,HOU,TEX,-1.50,11,-1.50,11
2025-09-16,AZ,SF,1.50,9,1.50,11
2025-09-16,LAD,PHI,1.50,11,1.50,11
2025-09-16,WSH,ATL,-1.50,11,-1.50,11
2025-09-16,WSH,ATL,-1.50,11,-1.50,11
2025-09-16,DET,CLE,1.50,11,1.50,11
2025-09-16,PIT,CHC,1.50,11,1.50,11
2025-09-16,BOS,ATH,1.50,11,1.50,11
2025-09-16,NYM,SD,1.50,11,1.50,11
2025-09-16,TB,TOR,-1.50,11,-1.50,11
2025-09-16,KC,SEA,-1.50,11,-1.50,11
2025-09-16,CWS,BAL,-1.50,11,-1.50,11
2025-09-16,MIN,NYY,-1.50,10,-1.50,10
2025-09-16,MIL,LAA,1.50,11,1.50,11
2025-09-16,STL,CIN,-1.50,11,-1.50,11
2025-09-17,HOU,TEX,-1.50,11,-1.50,11
2025-09-17,COL,MIA,-1.50,11,-1.50,11
2025-09-17,AZ,SF,-1.50,11,-1.50,11
2025-09-17,LAD,PHI,1.50,11,1.50,11
2025-09-17,PIT,CHC,-1.50,11,-1.50,11
2025-09-17,STL,CIN,-1.50,11,-1.50,11
2025-09-17,CWS,BAL,-1.50,11,-1.50,11
2025-09-17,AZ,SF,-1.50,11,-1.50,11
2025-09-17,WSH,ATL,-1.50,11,-1.50,11
2025-09-17,DET,CLE,1.50,11,1.50,11
2025-09-17,BOS,ATH,1.50,11,1.50,11
2025-09-17,TB,TOR,-1.50,11,-1.50,11
2025-09-17,NYM,SD,1.50,11,1.50,11
2025-09-17,KC,SEA,1.50,11,1.50,11
2025-09-17,MIN,NYY,-1.50,10,-1.50,10
2025-09-17,MIL,LAA,1.50,11,1.50,11
2025-09-18,HOU,TEX,,0,,0
2025-09-18,COL,MIA,-1.50,11,-1.50,11
2025-09-18,LAD,PHI,,0,,0
2025-09-18,DET,CLE,1.50,11,1.50,11
2025-09-18,NYM,SD,1.50,11,1.50,11
2025-09-18,TB,TOR,-1.50,11,-1.50,11
2025-09-18,BOS,ATH,1.50,11,1.50,11
2025-09-18,KC,SEA,-1.50,11,-1.50,11
2025-09-18,COL,MIA,-1.50,11,-1.50,11
2025-09-18,CIN,CHC,1.50,11,1.50,11
2025-09-18,BAL,NYY,-1.50,11,-1.50,11
2025-09-18,MIL,LAA,1.50,11,1.50,11
2025-09-19,LAD,SF,1.50,11,1.50,11
2025-09-19,CIN,CHC,-1.50,11,-1.50,11
2025-09-19,PIT,ATH,-1.50,11,-1.50,11
2025-09-19,DET,ATL,1.50,11,1.50,11
2025-09-19,BAL,NYY,-1.50,11,-1.50,11
2025-09-19,NYM,WSH,1.50,11,1.50,11
2025-09-19,TB,BOS,-1.50,11,-1.50,11
2025-09-19,KC,TOR,-1.50,11,-1.50,11
2025-09-19,CWS,SD,-1.50,11,-1.50,11
2025-09-20,TEX,MIA,1.50,11,1.50,11
2025-09-20,COL,LAA,-1.50,11,-1.50,11
2025-09-20,HOU,SEA,-1.50,11,-1.50,11
2025-09-20,MIN,CLE,1.50,10,0.00,10
2025-09-20,STL,MIL,-1.50,11,-1.50,11
2025-09-20,AZ,PHI,-1.50,11,-1.50,11
2025-09-20,LAD,SF,1.50,11,1.50,11
2025-09-20,DET,ATL,1.50,10,1.50,11
2025-09-20,MIN,CLE,1.50,10,0.00,10
2025-09-20,MIN,CLE,1.50,10,0.00,10
2025-09-20,NYM,WSH,1.50,11,1.50,11
2025-09-20,CIN,CHC,-1.50,11,-1.50,11
2025-09-20,PIT,ATH,-1.50,11,-1.50,11
2025-09-20,TB,BOS,-1.50,11,-1.50,11
2025-09-20,TEX,MIA,1.50,11,1.50,11
2025-09-20,BAL,NYY,-1.50,11,-1.50,11
2025-09-20,HOU,SEA,-1.50,11,-1.50,11
2025-09-20,KC,TOR,-1.50,11,-1.50,11
2025-09-20,CWS,SD,-1.50,11,-1.50,11
2025-09-20,STL,MIL,-1.50,11,-1.50,11
2025-09-21,COL,LAA,-1.50,11,-1.50,11
2025-09-21,AZ,PHI,-1.50,11,-1.50,11
2025-09-21,LAD,SF,1.50,11,1.50,11
2025-09-21,DET,ATL,1.50,11,1.50,11
2025-09-21,PIT,ATH,-1.50,11,1.50,11
2025-09-21,BAL,NYY,-1.50,11,-1.50,11
2025-09-21,CIN,CHC,-1.50,11,-1.50,11
2025-09-21,NYM,WSH,1.50,11,1.50,11
2025-09-21,KC,TOR,-1.50,11,-1.50,11
2025-09-21,MIN,CLE,-1.50,10,-1.50,10
2025-09-21,CWS,SD,-1.50,11,-1.50,11
2025-09-21,STL,MIL,-1.50,11,-1.50,11
2025-09-21,TEX,MIA,1.50,11,1.50,11
2025-09-21,COL,LAA,-1.50,11,-1.50,11
2025-09-21,LAD,SF,1.50,11,1.50,11
2025-09-21,AZ,PHI,-1.50,11,-1.50,11
2025-09-21,HOU,SEA,-1.50,11,-1.50,11
2025-09-21,TB,BOS,-1.50,11,-1.50,11
2025-09-22,ATL,WSH,1.50,11,1.50,11
2025-09-23,SD,MIL,-1.50,11,-1.50,11
2025-09-23,SF,STL,1.50,11,1.50,11
2025-09-23,BAL,TB,-1.50,11,-1.50,11
2025-09-23,CLE,DET,-1.50,11,-1.50,11
2025-09-23,CIN,PIT,1.50,11,1.50,11
2025-09-23,PHI,MIA,1.50,11,1.50,11
2025-09-23,NYY,CWS,1.50,11,1.50,11
2025-09-23,TOR,BOS,1.50,11,1.50,11
2025-09-23,ATL,WSH,1.50,11,1.50,11
2025-09-23,CHC,NYM,-1.50,11,-1.50,11
2025-09-24,TEX,MIN,1.50,10,1.50,10
2025-09-24,LAA,KC,1.50,11,1.50,11
2025-09-24,AZ,LAD,-1.50,11,-1.50,11
2025-09-24,SEA,COL,1.50,11,1.50,11
2025-09-24,SD,MIL,1.50,11,1.50,11
2025-09-24,SF,STL,-1.50,11,-1.50,11
2025-09-24,ATH,HOU,-1.50,11,-1.50,11
2025-09-24,ATL,WSH,1.50,11,1.50,10
2025-09-24,SD,MIL,1.50,11,1.50,11
2025-09-24,BAL,TB,-1.50,11,-1.50,11
2025-09-24,CLE,DET,1.50,11,1.50,11
2025-09-24,CIN,PIT,-1.50,11,-1.50,11
2025-09-24,PHI,MIA,1.50,11,1.50,11
2025-09-24,NYY,CWS,1.50,11,1.50,11
2025-09-24,TOR,BOS,-1.50,11,-1.50,11
2025-09-25,CHC,NYM,-1.50,11,-1.50,11
2025-09-25,TEX,MIN,1.50,10,1.50,10
2025-09-25,LAA,KC,-1.50,11,-1.50,11
2025-09-25,AZ,LAD,-1.50,11,-1.50,11
2025-09-25,SEA,COL,1.50,8,1.50,8
2025-09-25,SF,STL,,0,,0
2025-09-25,ATH,HOU,-1.50,11,-1.50,11
2025-09-25,CIN,PIT,1.50,11,1.50,11
2025-09-25,BAL,TB,-1.50,11,-1.50,11
2025-09-25,TEX,MIN,1.50,10,1.50,10
2025-09-25,ATH,HOU,-1.50,11,-1.50,11
2025-09-25,AZ,LAD,-1.50,11,-1.50,11
2025-09-25,PHI,MIA,1.50,11,1.50,11
2025-09-25,CLE,DET,1.50,8,1.50,11
2025-09-25,NYY,CWS,1.50,11,1.50,11
2025-09-25,TOR,BOS,1.50,11,1.50,10
2025-09-25,CHC,NYM,-1.50,11,-1.50,11
2025-09-26,LAA,KC,,0,,0
2025-09-26,SEA,COL,,0,,0
2025-09-26,CHC,STL,1.50,11,1.50,11
2025-09-26,PHI,MIN,1.50,10,1.50,10
2025-09-26,WSH,CWS,1.50,11,1.50,11
2025-09-26,NYY,BAL,1.50,11,1.50,11
2025-09-26,TOR,TB,1.50,11,1.50,11
2025-09-26,BOS,DET,-1.50,11,-1.50,11
2025-09-26,CLE,TEX,1.50,11,1.50,11
2025-09-26,MIA,NYM,-1.50,11,-1.50,11
2025-09-26,ATL,PIT,1.50,11,1.50,11
2025-09-27,MIL,CIN,1.50,11,1.50,11
2025-09-27,LAA,HOU,-1.50,11,-1.50,11
2025-09-27,SD,AZ,1.50,11,1.50,11
2025-09-27,SEA,LAD,1.50,11,1.50,11
2025-09-27,ATH,KC,1.50,11,1.50,11
2025-09-27,SF,COL,1.50,11,1.50,11
2025-09-27,NYY,BAL,1.50,11,1.50,11
2025-09-27,CHC,STL,1.50,11,1.50,10
2025-09-27,TOR,TB,1.50,11,1.50,11
2025-09-27,SF,COL,1.50,11,1.50,11
2025-09-27,WSH,CWS,1.50,11,1.50,11
2025-09-27,BOS,DET,1.50,10,1.50,11
2025-09-27,MIA,NYM,-1.50,11,-1.50,11
2025-09-27,PHI,MIN,1.50,10,1.50,10
2025-09-27,CLE,TEX,1.50,11,1.50,11
2025-09-27,ATL,PIT,1.50,11,1.50,11
2025-09-27,MIL,CIN,1.50,11,1.50,11
2025-09-28,SD,AZ,1.50,11,1.50,11
2025-09-28,LAA,HOU,-1.50,11,-1.50,11
2025-09-28,SEA,LAD,0.00,10,1.50,11
2025-09-28,ATH,KC,-1.50,11,-1.50,11
2025-09-28,BOS,DET,-1.50,7,-1.50,9
2025-09-28,ATH,KC,-1.50,11,-1.50,11
2025-09-28,SF,COL,1.50,10,1.50,11
2025-09-28,PHI,MIN,1.50,9,1.50,10
2025-09-28,WSH,CWS,-1.50,10,-1.50,11
2025-09-28,NYY,BAL,1.50,10,1.50,11
2025-09-28,LAA,HOU,-1.50,11,-1.50,11
2025-09-28,TOR,TB,1.50,10,1.50,11
2025-09-28,SD,AZ,1.50,11,1.50,11
2025-09-28,SEA,LAD,0.00,10,1.50,11
2025-09-28,CLE,TEX,1.50,11,1.50,11
2025-09-28,MIA,NYM,-1.50,11,-1.50,11
2025-09-28,MIL,CIN,1.50,10,1.50,11
2025-09-28,ATL,PIT,1.50,10,1.50,11
2025-09-28,CHC,STL,1.50,11,1.50,11
