run	timestamp	train_mae	train_delta	holdout_mae	holdout_delta	git_hash
0	2026-04-21 20:41	3.6013	+0.0473	3.5226	+0.0049	da7702e
1	2026-04-21 20:46	3.5936	+0.0397	3.5223	+0.0046	0f7b452
2	2026-04-21 20:47	3.5912	+0.0373	3.5210	+0.0033	f135188
3	2026-04-21 20:48	3.5865	+0.0326	3.5209	+0.0032	d0ddeb1
4	2026-04-21 20:49	3.5796	+0.0257	3.5181	+0.0005	e106437
5	2026-04-21 20:52	3.5772	+0.0233	3.5205	+0.0029	c9384ac
6	2026-04-21 20:55	3.5766	+0.0226	3.5204	+0.0027	bda339d
7	2026-04-21 20:56	3.5749	+0.0210	3.5200	+0.0024	cb0ee44
8	2026-04-21 20:57	3.5733	+0.0194	3.5203	+0.0026	30f184c
9	2026-04-21 20:58	3.5722	+0.0183	3.5204	+0.0027	79023f1
10	2026-04-21 21:00	3.5458	-0.0081	3.5085	-0.0092	cb5afd1
11	2026-04-21 21:02	3.5423	-0.0117	3.5023	-0.0153	8ff14e4
12	2026-04-21 21:12	3.5423	-0.0117	3.5023	-0.0153	8ff14e4
13	2026-04-21 21:12	3.5424	-0.0115	3.5027	-0.0150	18e23a4
14	2026-04-21 21:12	3.5423	-0.0117	3.5023	-0.0153	a9f8a9d
15	2026-04-21 21:13	3.5424	-0.0116	3.5021	-0.0156	7a1aec1
16	2026-04-21 21:13	3.5423	-0.0117	3.5023	-0.0153	8c8e68f
17	2026-04-21 21:13	3.5470	-0.0069	3.5056	-0.0121	0eabfd3
18	2026-04-21 21:13	3.5423	-0.0117	3.5023	-0.0153	d3fcec1
19	2026-04-21 21:13	3.5413	-0.0126	3.5034	-0.0143	9c7e4a7
20	2026-04-21 21:13	3.5447	-0.0092	3.5130	-0.0046	9df25de
21	2026-04-21 21:13	3.5413	-0.0126	3.5034	-0.0143	0d38603
22	2026-04-21 21:14	3.5432	-0.0108	3.5021	-0.0156	a515dbc
23	2026-04-21 21:14	3.5413	-0.0126	3.5034	-0.0143	8a6b3eb
24	2026-04-21 21:14	3.5431	-0.0108	3.5036	-0.0141	793f15b
25	2026-04-21 21:14	3.5413	-0.0126	3.5034	-0.0143	285c7f6
26	2026-04-21 21:14	3.5401	-0.0139	3.5041	-0.0136	dd5d96c
27	2026-04-21 21:15	3.5396	-0.0143	3.5053	-0.0124	a3806cf
28	2026-04-21 21:15	3.5394	-0.0145	3.5074	-0.0103	c9920ee
29	2026-04-21 21:25	3.5395	-0.0145	3.5106	-0.0070	acc3d94
30	2026-04-21 21:26	3.5394	-0.0145	3.5074	-0.0103	1d0492f
31	2026-04-21 21:26	3.5389	-0.0151	3.5072	-0.0105	f29d9e9
32	2026-04-21 21:26	3.5380	-0.0159	3.5071	-0.0106	fd0887b
33	2026-04-21 21:26	3.5376	-0.0163	3.5075	-0.0102	4bc82ab
34	2026-04-21 21:27	3.5373	-0.0166	3.5081	-0.0095	a2d3049
35	2026-04-21 21:27	3.5370	-0.0169	3.5089	-0.0088	a2d3049
36	2026-04-21 21:27	3.5370	-0.0169	3.5089	-0.0088	b05e573
37	2026-04-21 21:28	3.5369	-0.0170	3.5090	-0.0087	8f7b21b
38	2026-04-21 21:28	3.5369	-0.0171	3.5089	-0.0088	2c2fe5c
39	2026-04-21 21:28	3.5367	-0.0172	3.5095	-0.0081	4a86633
40	2026-04-21 21:31	3.5367	-0.0172	3.5073	-0.0104	ec03c2f
41	2026-04-21 21:31	3.5367	-0.0172	3.5095	-0.0081	cc424cb
42	2026-04-21 21:32	3.5371	-0.0168	3.5089	-0.0087	d71421b
43	2026-04-21 21:32	3.5367	-0.0172	3.5095	-0.0081	c49a2aa
44	2026-04-21 21:32	3.5367	-0.0172	3.5094	-0.0082	4cd117f
45	2026-04-21 21:32	3.5367	-0.0172	3.5095	-0.0081	044f2a6
46	2026-04-21 21:32	3.5367	-0.0172	3.5097	-0.0080	5bc9253
47	2026-04-21 21:32	3.5367	-0.0172	3.5095	-0.0081	d552037
48	2026-04-21 21:33	3.5360	-0.0179	3.5065	-0.0111	4f5babb
49	2026-04-21 21:33	3.5364	-0.0175	3.5061	-0.0115	b07d94a
50	2026-04-21 21:33	3.5360	-0.0179	3.5065	-0.0111	7c96494
51	2026-04-21 21:33	3.5359	-0.0180	3.5067	-0.0109	298d18e
52	2026-04-21 21:34	3.5358	-0.0182	3.5070	-0.0106	edfb9ab
53	2026-04-21 21:34	3.5356	-0.0183	3.5074	-0.0103	38422ea
54	2026-04-21 21:34	3.5355	-0.0184	3.5076	-0.0101	7ff73df
55	2026-04-21 21:34	3.5353	-0.0187	3.5083	-0.0094	6e793ee
56	2026-04-21 21:35	3.5351	-0.0189	3.5091	-0.0086	112e1c5
57	2026-04-21 21:35	3.5349	-0.0191	3.5099	-0.0078	8f3329e
58	2026-04-21 21:35	3.5348	-0.0192	3.5108	-0.0069	17e6d80
59	2026-04-21 21:35	3.5349	-0.0191	3.5099	-0.0078	1f3f813
60	2026-04-21 21:36	3.5346	-0.0193	3.5088	-0.0088	6a403ec
61	2026-04-21 21:36	3.5345	-0.0194	3.5084	-0.0093	2da8df9
62	2026-04-21 21:36	3.5345	-0.0195	3.5075	-0.0102	a7bfe9e
63	2026-04-21 21:36	3.5346	-0.0194	3.5067	-0.0110	7685ca4
64	2026-04-21 21:37	3.5345	-0.0195	3.5075	-0.0102	7e12052
65	2026-04-21 21:37	3.5346	-0.0194	3.5075	-0.0102	659f048
66	2026-04-21 21:37	3.5345	-0.0195	3.5075	-0.0102	cd9d7ec
67	2026-04-21 21:37	3.5347	-0.0193	3.5077	-0.0099	01827cd
68	2026-04-21 21:37	3.5345	-0.0195	3.5075	-0.0102	4b5131b
69	2026-04-21 21:38	3.5343	-0.0196	3.5080	-0.0096	784ab0f
70	2026-04-21 21:38	3.5341	-0.0198	3.5085	-0.0091	e64f125
71	2026-04-21 21:38	3.5340	-0.0199	3.5091	-0.0085	d30a3e0
72	2026-04-21 21:38	3.5341	-0.0198	3.5085	-0.0091	018942e
73	2026-04-21 21:39	3.5339	-0.0200	3.5087	-0.0090	9133e87
74	2026-04-21 21:39	3.5337	-0.0202	3.5090	-0.0087	b062faf
75	2026-04-21 21:45	3.5338	-0.0201	3.5087	-0.0089	e066f92
76	2026-04-21 21:45	3.5337	-0.0202	3.5090	-0.0087	34ef7b1
77	2026-04-21 21:46	3.5337	-0.0202	3.5093	-0.0084	25cb300
78	2026-04-21 21:46	3.5337	-0.0202	3.5090	-0.0087	ea1c299
79	2026-04-21 21:46	3.5338	-0.0202	3.5094	-0.0082	dcc210e
80	2026-04-21 21:46	3.5340	-0.0199	3.5101	-0.0076	fe33027
81	2026-04-21 21:47	3.5336	-0.0203	3.5082	-0.0094	63c9f44
82	2026-04-21 21:47	3.5334	-0.0205	3.5085	-0.0092	37511eb
83	2026-04-21 21:47	3.5333	-0.0207	3.5088	-0.0089	608699a
84	2026-04-21 21:47	3.5338	-0.0201	3.5102	-0.0075	8c07e5f
85	2026-04-21 21:48	3.5331	-0.0208	3.5084	-0.0093	bc80f46
86	2026-04-21 21:48	3.5332	-0.0208	3.5081	-0.0096	1f00da8
87	2026-04-21 21:48	3.5333	-0.0206	3.5080	-0.0097	d26568a
88	2026-04-21 21:49	3.5332	-0.0208	3.5094	-0.0082	ec18dad
89	2026-04-21 21:49	3.5339	-0.0201	3.5078	-0.0098	f22931e
90	2026-04-21 21:54	3.5331	-0.0208	3.5088	-0.0089	93d715d
91	2026-04-21 21:55	3.5331	-0.0208	3.5085	-0.0091	7bb4181
92	2026-04-21 21:55	3.5331	-0.0208	3.5084	-0.0093	8a30953
93	2026-04-21 21:55	3.5331	-0.0208	3.5083	-0.0094	dccac42
94	2026-04-21 21:55	3.5331	-0.0208	3.5081	-0.0095	59c9ed5
95	2026-04-21 21:56	3.5331	-0.0208	3.5080	-0.0097	63ca96b
96	2026-04-21 21:56	3.5332	-0.0207	3.5077	-0.0099	6e3d827
97	2026-04-21 21:56	3.5333	-0.0206	3.5075	-0.0102	39a5ab0
98	2026-04-21 21:56	3.5334	-0.0205	3.5072	-0.0105	30a1261
99	2026-04-21 21:57	3.5336	-0.0204	3.5067	-0.0110	d84a798
100	2026-04-21 21:57	3.5337	-0.0202	3.5061	-0.0115	436242a
101	2026-04-21 21:57	3.5339	-0.0200	3.5056	-0.0121	408b2d5
102	2026-04-21 21:58	3.5337	-0.0202	3.5061	-0.0115	aa00c28
103	2026-04-21 22:01	3.5336	-0.0203	3.5065	-0.0112	a245307
104	2026-04-21 22:01	3.5336	-0.0203	3.5070	-0.0107	bdc65b5
105	2026-04-21 22:01	3.5337	-0.0203	3.5075	-0.0102	5a29f52
106	2026-04-21 22:02	3.5337	-0.0202	3.5062	-0.0114	a7b67d0
107	2026-04-21 22:02	3.5337	-0.0203	3.5075	-0.0102	3a61d6a
108	2026-04-21 22:02	3.5335	-0.0204	3.5068	-0.0109	43f28bf
109	2026-04-21 22:02	3.5335	-0.0205	3.5062	-0.0115	50f437b
110	2026-04-21 22:03	3.5335	-0.0205	3.5056	-0.0121	05cbd15
111	2026-04-21 22:03	3.5335	-0.0204	3.5050	-0.0126	ae5ee6e
112	2026-04-21 22:03	3.5335	-0.0205	3.5056	-0.0121	28a56b0
113	2026-04-21 22:03	3.5334	-0.0205	3.5065	-0.0111	0cdacdd
114	2026-04-21 22:04	3.5336	-0.0203	3.5049	-0.0128	46b666e
115	2026-04-21 22:04	3.5334	-0.0205	3.5065	-0.0111	aeff6af
116	2026-04-21 22:04	3.5335	-0.0205	3.5059	-0.0118	2067e5b
117	2026-04-21 22:04	3.5335	-0.0205	3.5063	-0.0114	7253866
118	2026-04-21 22:05	3.5335	-0.0205	3.5059	-0.0118	d4a2355
119	2026-04-21 22:05	3.5335	-0.0204	3.5054	-0.0122	48b28d6
120	2026-04-21 22:05	3.5335	-0.0205	3.5059	-0.0118	2a6a156
121	2026-04-21 22:05	3.5334	-0.0205	3.5060	-0.0117	e864957
122	2026-04-21 22:06	3.5333	-0.0206	3.5060	-0.0117	81df15b
123	2026-04-21 22:06	3.5333	-0.0206	3.5060	-0.0116	32ed3f0
124	2026-04-21 22:06	3.5333	-0.0207	3.5061	-0.0116	a192653
125	2026-04-21 22:06	3.5332	-0.0207	3.5061	-0.0116	4761dfd
126	2026-04-21 22:07	3.5332	-0.0208	3.5062	-0.0115	9a624ba
127	2026-04-21 22:07	3.5331	-0.0209	3.5063	-0.0114	dfa5f82
128	2026-04-21 22:07	3.5330	-0.0210	3.5063	-0.0113	0255127
129	2026-04-21 22:08	3.5329	-0.0211	3.5064	-0.0112	96f71a1
130	2026-04-21 22:08	3.5328	-0.0211	3.5065	-0.0112	281d3f3
131	2026-04-21 22:08	3.5327	-0.0212	3.5066	-0.0111	9280490
